CustomerID,CustomerName,CustomerGender,CustomerAddress
CS0001,Rhys Demangeot,Male,2623 Lotheville Parkway
CS0002,Zilvia Brickdale,Female,9 Monica Point
CS0003,Jean Spitell,Female,4983 Erie Park
CS0004,Glenna Bisacre,Female,199 Melrose Point
CS0005,Bondy Mayer,Male,89 Valley Edge Plaza
CS0006,Vanessa Cranton,Female,12 Lillian Way
CS0007,Ericha Geddis,Female,1122 Cody Road
CS0008,Candi Leckenby,Female,9996 Comanche Plaza
CS0009,Mellie Bramer,Female,82596 Parkside Center
CS0010,Arlinda Popplewell,Female,86546 Prairieview Pass
CS0011,Ambrosius Biagioni,Male,119 Mendota Way
CS0012,Lowell Emnoney,Male,97 Arkansas Lane
CS0013,Sharleen Knewstub,Female,276 Roth Park
CS0014,Gisele Rastall,Female,46 Union Drive
CS0015,Weider Luchetti,Male,75647 3rd Alley
CS0016,Brice Ormes,Male,37 Huxley Circle
CS0017,Vanya Nockolds,Female,2 High Crossing Place
CS0018,Harriette Cawker,Female,7 Meadow Ridge Road
CS0019,Jasmine Gilroy,Female,2465 Hollow Ridge Trail
CS0020,Mac Dillistone,Male,7724 Merrick Drive
CS0021,Harriott McKintosh,Female,64970 Glendale Court
CS0022,Myron Andell,Male,30161 Dryden Street
CS0023,Mandie Rockcliffe,Female,84 Old Gate Hill
CS0024,Hewet Kibblewhite,Male,1472 Muir Way
CS0025,Kipper Ickovicz,Male,186 Waxwing Avenue
CS0026,Vally MacMeanma,Female,8555 Sauthoff Plaza
CS0027,Artemas Golston,Male,0 Sheridan Hill
CS0028,Noah Abby,Male,2 Sutherland Street
CS0029,Elliot Crate,Male,7127 Independence Plaza
CS0030,Northrup Delooze,Male,0496 Canary Junction
CS0031,Noby Scully,Male,138 Pierstorff Hill
CS0032,Edmon Blundell,Male,7 Colorado Terrace
CS0033,Zollie Shapera,Male,324 Crescent Oaks Junction
CS0034,Ilysa Dymott,Female,4 Summerview Place
CS0035,Talbert Moodie,Male,21160 Oriole Terrace
CS0036,Porty Haeslier,Male,99607 Bunker Hill Point
CS0037,Johnath Garnsworthy,Female,9 Laurel Way
CS0038,Richie Hayne,Male,2693 Becker Center
CS0039,Brod Baxter,Male,7 Walton Alley
CS0040,Rolfe Gasperi,Male,95012 Pawling Point
CS0041,Leontine Snawdon,Female,19614 Randy Terrace
CS0042,Mel Vernay,Male,8883 Amoth Junction
CS0043,Angelico Decourt,Male,97 Mesta Avenue
CS0044,Leonidas Rathke,Male,44955 Erie Junction
CS0045,Barth Champken,Male,00 Kenwood Center
CS0046,Maximilian Grew,Male,5270 Aberg Junction
CS0047,Tabb Garrick,Male,0 Montana Street
CS0048,Gavra Igo,Female,6 Kinsman Drive
CS0049,Fayre Aumerle,Female,14161 Pawling Circle
CS0050,Grayce Kemston,Female,0 Coleman Lane
CS0051,Marji Leneham,Female,81461 West Court
CS0052,Zulema Sisnett,Female,18 Alpine Road
CS0053,Alvina Covotto,Female,2659 Maryland Terrace
CS0054,Loutitia Eastes,Female,616 Linden Junction
CS0055,Bryan Douglas,Male,37 Sycamore Lane
CS0056,Lombard Vispo,Male,883 Lakewood Gardens Street
CS0057,Meir Quinn,Male,903 Drewry Center
CS0058,Parsifal Allebone,Male,6 Texas Circle
CS0059,Gunther Bosdet,Male,5601 Southridge Lane
CS0060,Peder Arnoll,Male,6 Melvin Center
CS0061,Dick Burburough,Male,74742 Ridgeway Trail
CS0062,Evania Heugel,Female,1067 Delladonna Court
CS0063,Flint Bartoleyn,Male,553 Kropf Plaza
CS0064,Dyann Rafter,Female,93255 Ludington Court
CS0065,Darlleen Andrysiak,Female,53 Northland Terrace
CS0066,Christabella Clem,Female,32053 Dorton Point
CS0067,Zelma Pettett,Female,20533 Valley Edge Crossing
CS0068,Amalie Hotchkin,Female,31 Tomscot Park
CS0069,Janet Grzegorczyk,Female,200 Anthes Avenue
CS0070,Fan Tomala,Female,16804 Hansons Plaza
CS0071,Martyn Wasiel,Male,0 Vermont Way
CS0072,Petronille Harvard,Female,7 Reinke Avenue
CS0073,Johna Aspel,Female,95 Utah Place
CS0074,Cherilyn De Brett,Female,3997 Almo Crossing
CS0075,Drusilla Kenwood,Female,80969 Algoma Street
CS0076,Jarred Battey,Male,89407 Mcguire Circle
CS0077,Marlow Ducarne,Male,71 Maple Way
CS0078,Yoko Cavanaugh,Female,0 Morrow Trail
CS0079,Denny Tsar,Female,8235 3rd Court
CS0080,Thaine Glossop,Male,136 Morrow Place
CS0081,Joelly Faltin,Female,6518 Little Fleur Drive
CS0082,Addie Sholl,Male,7 Londonderry Road
CS0083,Casi Smyley,Female,96 Monica Terrace
CS0084,Delila Cockburn,Female,4695 Crowley Pass
CS0085,Rollo Tregoning,Male,65540 Alpine Avenue
CS0086,Hoyt Timperley,Male,65150 Sherman Terrace
CS0087,Jerald Castro,Male,766 Service Park
CS0088,Herminia Gillice,Female,2911 Westend Center
CS0089,Hailey Leeming,Male,98968 Banding Court
CS0090,Kath Boldecke,Female,367 Dorton Avenue
CS0091,Nara Cust,Female,14 Lien Crossing
CS0092,Brear Ridding,Female,8485 Sunfield Alley
CS0093,Jilli Buchanan,Female,4501 Warner Park
CS0094,Raeann Kleinbaum,Female,417 Banding Court
CS0095,Gray Searsby,Male,01 Portage Parkway
CS0096,Markos Fairnington,Male,580 Mockingbird Park
CS0097,Anatola Hanshawe,Female,743 Katie Junction
CS0098,Carrol Cattell,Male,6 Glendale Alley
CS0099,Spenser MacDonough,Male,94124 Pierstorff Terrace
CS0100,Bogey D Emanuele,Male,840 Haas Parkway
CS0101,Ernie Banford,Male,7 Fallview Junction
CS0102,Hasheem Paton,Male,59753 Sutherland Pass
CS0103,Grayce Asman,Female,954 Chive Parkway
CS0104,Jarrett Spyvye,Male,06 Straubel Pass
CS0105,Elisabetta Corry,Female,22 Parkside Crossing
CS0106,Fayth McKinney,Female,46 Sachs Center
CS0107,Jdavie Bruster,Male,290 Fallview Hill
CS0108,Herold Segrave,Male,15295 Anthes Terrace
CS0109,Burl Hildrew,Male,845 Glendale Trail
CS0110,Trixie Bougourd,Female,5 Summer Ridge Circle
CS0111,Laney Sprowell,Female,70704 Sage Parkway
CS0112,Sibbie Corneliussen,Female,4047 Division Terrace
CS0113,Timofei Sadry,Male,05660 Colorado Junction
CS0114,Jenelle Speariett,Female,9526 Bartelt Pass
CS0115,Sanders Ruske,Male,9 Beilfuss Street
CS0116,De witt Stilling,Male,6682 Sheridan Circle
CS0117,Edan Strut,Male,2 Oak Alley
CS0118,Orbadiah Humby,Male,87 Talisman Park
CS0119,Terrence Branney,Male,8 Farragut Alley
CS0120,Silvio Edsell,Male,5 Bunting Parkway
CS0121,Bambi Westlake,Female,6 Duke Way
CS0122,Salomone Blanque,Male,42138 Vidon Drive
CS0123,Ettie Boxen,Female,78158 Victoria Court
CS0124,Orren Jewett,Male,44 Prairieview Place
CS0125,Anastasie Winspare,Female,6 Walton Center
CS0126,Roma Mallen,Male,70 Grover Center
CS0127,Esteban Hanwright,Male,32 Warrior Plaza
CS0128,Yasmin Heugel,Female,9 Cardinal Point
CS0129,Maxie Crickmer,Male,3 Weeping Birch Crossing
CS0130,Yankee Le Breton De La Vieuville,Male,60 Melvin Circle
CS0131,Calhoun Havill,Male,99 Atwood Parkway
CS0132,Winfield Lodemann,Male,89 Anhalt Terrace
CS0133,Charley Megson,Male,3951 Glacier Hill Park
CS0134,Phillida Farfolomeev,Female,954 Jackson Street
CS0135,Vladamir Hawksley,Male,7068 Sycamore Park
CS0136,Rick Peddel,Male,51363 Harbort Pass
CS0137,Felizio Hargitt,Male,24180 Nova Lane
CS0138,Kissiah Digby,Female,7223 Burrows Drive
CS0139,Vitoria Pawden,Female,29137 Fisk Parkway
CS0140,Violette Reedman,Female,60706 Green Drive
CS0141,Gerladina Woodroof,Female,2425 Sachs Center
CS0142,Hugh Aronstam,Male,7297 Londonderry Terrace
CS0143,Shaun Lazenbury,Male,20962 Golden Leaf Circle
CS0144,Tommie Colwill,Female,6184 Lindbergh Court
CS0145,Kingston Beament,Male,201 Old Gate Avenue
CS0146,Ebenezer Scarsbrooke,Male,325 Thompson Pass
CS0147,Lilli Claffey,Female,04621 Annamark Parkway
CS0148,Pattie Reuther,Male,3 Upham Alley
CS0149,Rudyard Senter,Male,170 Marcy Road
CS0150,Meta Eskriett,Female,7282 Westerfield Point
CS0151,Engelbert Aldiss,Male,448 Lakewood Court
CS0152,Amalia Oakwell,Female,77 Oak Court
CS0153,Georgi Lindbergh,Male,41062 Ridge Oak Parkway
CS0154,Yorgo Audsley,Male,0 Esch Drive
CS0155,Nanny Maides,Female,938 Hanover Terrace
CS0156,Gertrude Crewdson,Female,56 Summerview Circle
CS0157,Hephzibah Balentyne,Female,39015 Larry Place
CS0158,Adolf Leaver,Male,0414 Eagle Crest Pass
CS0159,Quentin Okie,Male,7199 Evergreen Court
CS0160,Lorettalorna Ottley,Female,2 Drewry Terrace
CS0161,Henrieta Heinzler,Female,05 3rd Crossing
CS0162,Horst Abrahmer,Male,08 Cascade Center
CS0163,Willdon Blenkiron,Male,06 Starling Alley
CS0164,Fidelio Micklewright,Male,76 Randy Hill
CS0165,Clarette Houdmont,Female,44818 Mariners Cove Point
CS0166,Florentia McWaters,Female,90950 Tennyson Lane
CS0167,Rice Vurley,Male,8792 Welch Hill
CS0168,Kingston Hincks,Male,732 Butterfield Circle
CS0169,Ely Drawmer,Male,83 Bunker Hill Alley
CS0170,Carie Pheasant,Female,0447 Everett Road
CS0171,Dayle Hebble,Female,83082 Crowley Street
CS0172,Patty Ivett,Male,3787 Oriole Junction
CS0173,Cornell Runcieman,Male,7014 David Alley
CS0174,Candie Duigan,Female,897 Monument Plaza
CS0175,Arch Birdsall,Male,22 Esch Alley
CS0176,Gaby De Simone,Male,914 Alpine Parkway
CS0177,Talbot Silverthorne,Male,5783 Burrows Place
CS0178,Val Beaudry,Female,35528 Farwell Hill
CS0179,Julius Gostick,Male,19676 Westerfield Lane
CS0180,Avril Guy,Female,83 Huxley Circle
CS0181,Hurlee Peascod,Male,180 Daystar Drive
CS0182,Far Roscher,Male,40 Schlimgen Terrace
CS0183,Kayne Allchin,Male,30 Jana Way
CS0184,Dianemarie Eat,Female,4815 Russell Pass
CS0185,Marie-jeanne Daft,Female,81537 Nancy Place
CS0186,Falito Carlin,Male,1522 Continental Hill
CS0187,Newton Jerrard,Male,6 Mallory Terrace
CS0188,Georgine Stuckford,Female,7236 Talisman Place
CS0189,Howie Basilio,Male,3 Gulseth Street
CS0190,Annis Highnam,Female,3104 Blaine Street
CS0191,Leodora Ainslie,Female,650 Farragut Drive
CS0192,Kitti Simeone,Female,49203 Shasta Junction
CS0193,Eduino Gurton,Male,46 Lake View Hill
CS0194,Bianka Baish,Female,3545 Lake View Trail
CS0195,Valry Plows,Female,96 Kipling Avenue
CS0196,Kaylee Christofe,Female,915 Heath Center
CS0197,Orel Fleg,Female,82242 Carioca Street
CS0198,Berny Karlolczak,Female,444 Dayton Avenue
CS0199,Drucill Sperwell,Female,35872 Sunfield Drive
CS0200,Hollis Wickrath,Male,6 Loftsgordon Plaza
CS0201,Vaughn Mecozzi,Male,39 Novick Pass
CS0202,Tommy Boorne,Female,15972 Buhler Plaza
CS0203,Beverlee McNelis,Female,15528 Briar Crest Place
CS0204,Corine Bladge,Female,77 Scott Alley
CS0205,Nannette Eakins,Female,9195 Utah Lane
CS0206,Wendi Keay,Female,6 Starling Pass
CS0207,Herbie Gummoe,Male,60 Kipling Junction
CS0208,Charissa Pritchard,Female,9185 American Ash Lane
CS0209,Reiko Vaan,Female,4 Orin Crossing
CS0210,Berrie Godlee,Female,0482 Thierer Road
CS0211,Honor Klimkowski,Female,90584 Bowman Way
CS0212,Urbano Raper,Male,543 Transport Drive
CS0213,Tynan Grain,Male,00575 Cascade Parkway
CS0214,Saree Stobbs,Female,83 Butternut Place
CS0215,Zebadiah Gaydon,Male,2 Nova Junction
CS0216,Tobiah Ianiello,Male,37541 Buena Vista Circle
CS0217,Flinn Loche,Male,427 Melrose Pass
CS0218,Carlos Streets,Male,72968 Clarendon Center
CS0219,Katina Hayne,Female,60481 Sullivan Court
CS0220,Bill Teather,Male,1 Katie Circle
CS0221,Mariann Gaisford,Female,9 Division Pass
CS0222,Erhard Trillow,Male,498 Schiller Court
CS0223,Dallon Krystof,Male,5 John Wall Center
CS0224,Burch Haggerty,Male,737 Arizona Plaza
CS0225,Myles Hambling,Male,6 Claremont Alley
CS0226,Joli Heelis,Female,40 Nelson Center
CS0227,Orelie Youel,Female,9 Knutson Drive
CS0228,Tally Ellicock,Male,3 Dottie Street
CS0229,Kelli Beiderbecke,Female,9908 Fairview Circle
CS0230,Raoul Andrejevic,Male,523 Bowman Drive
CS0231,Glenine Oxbie,Female,4536 Ronald Regan Junction
CS0232,Lemmie Ferretti,Male,067 Butternut Place
CS0233,Guenna Lantoph,Female,92 Coolidge Circle
CS0234,Debera Mantripp,Female,281 Golf View Terrace
CS0235,Verne Rodmell,Male,63 Moulton Street
CS0236,Tamma Tumelty,Female,5 Towne Street
CS0237,Jeni Trounson,Female,47864 Gateway Parkway
CS0238,Liuka Trudgion,Female,671 Stone Corner Circle
CS0239,Brianna Mowlam,Female,800 Emmet Plaza
CS0240,Kennedy Hegley,Male,735 Leroy Way
CS0241,Wilmar Izakoff,Male,75322 Schmedeman Point
CS0242,Karry Gerb,Female,752 Harper Crossing
CS0243,Jamey Kidner,Male,154 Quincy Hill
CS0244,Ferrell Martellini,Male,307 Hollow Ridge Avenue
CS0245,Ainslie McCardle,Female,4861 Ramsey Trail
CS0246,Effie Cuff,Female,58978 Grasskamp Road
CS0247,Miller Hammonds,Male,0439 Weeping Birch Street
CS0248,Elfrida Vittori,Female,97047 Blue Bill Park Way
CS0249,Ringo Pagon,Male,27 Fulton Avenue
CS0250,Fiona Lighten,Female,47214 Judy Point
CS0251,Ross Linnock,Male,0 Dakota Pass
CS0252,Fidel Citrine,Male,29462 Fairfield Center
CS0253,Dexter Juszczyk,Male,77436 Kenwood Road
CS0254,York Mathevon,Male,846 Hazelcrest Trail
CS0255,Siegfried Adair,Male,788 Clyde Gallagher Pass
CS0256,Gail Payle,Male,18 Judy Way
CS0257,Christyna Vinsen,Female,2021 Norway Maple Plaza
CS0258,Olimpia Georges,Female,3 Northfield Hill
CS0259,Yale Bootton,Male,8924 Bayside Trail
CS0260,Margaret Ogden,Female,3784 Fairview Parkway
CS0261,Sheffy Whyley,Male,00544 Merchant Alley
CS0262,Jemima Geibel,Female,38 School Plaza
CS0263,Alfy Lanchbery,Female,57 Ronald Regan Lane
CS0264,Vick Carlin,Male,0 Birchwood Court
CS0265,Nicko Ziems,Male,113 Londonderry Avenue
CS0266,Pauli Luxen,Female,76184 Springview Center
CS0267,Garth Cursons,Male,21558 Red Cloud Center
CS0268,Ailyn Cressingham,Female,37965 Boyd Trail
CS0269,Chuck Pinches,Male,2891 Spenser Drive
CS0270,Berty Bradick,Male,2897 Eastlawn Street
CS0271,Audrie Jonson,Female,53 Bartillon Avenue
CS0272,Russ Thaim,Male,243 Meadow Ridge Circle
CS0273,Drusi Durbyn,Female,2 Autumn Leaf Way
CS0274,Bjorn Bromfield,Male,4 Eliot Avenue
CS0275,Lidia Shellard,Female,1980 Jackson Parkway
CS0276,Monica Wadley,Female,23 Raven Crossing
CS0277,Colman Sparrow,Male,5138 Del Sol Plaza
CS0278,Jimmie Chrispin,Male,95986 3rd Place
CS0279,Anastassia Grenkov,Female,837 Bluejay Junction
CS0280,Claudian Courtier,Male,5 Coleman Way
CS0281,Lizbeth Soreau,Female,8 Bultman Center
CS0282,Flo Wraighte,Female,27 Forest Dale Plaza
CS0283,Antoine Pietasch,Male,514 Boyd Parkway
CS0284,Barclay Windross,Male,1 Debra Point
CS0285,Bernarr Lowseley,Male,42072 Clemons Court
CS0286,Sigfrid Varren,Male,41 Division Court
CS0287,Morissa Huygen,Female,88 Fair Oaks Point
CS0288,Myrwyn Bracken,Male,57378 4th Court
CS0289,Jaquith Brose,Female,52 Mifflin Plaza
CS0290,Hyacinth Pittock,Female,6 Russell Trail
CS0291,Dedra Morland,Female,35699 Rutledge Avenue
CS0292,Zandra Gouldsmith,Female,34 Brown Alley
CS0293,Rowena McKune,Female,73 Hudson Parkway
CS0294,Gordan Scarr,Male,254 Thompson Circle
CS0295,Vivianne Whitebread,Female,816 Waywood Crossing
CS0296,Bradly Grishaev,Male,46 Lighthouse Bay Court
CS0297,Daryl Kennon,Female,172 Maple Street
CS0298,Kurtis Marklin,Male,25991 Independence Street
CS0299,Milly Chadwin,Female,30 Mosinee Court
CS0300,Kendrick Vasser,Male,8042 Village Hill
CS0301,Iris Lehrmann,Female,02 Gerald Center
CS0302,Filia Quenby,Female,18815 Delladonna Circle
CS0303,Kelci Coaker,Female,3 Glendale Parkway
CS0304,Tedda Thomasset,Female,9446 Farragut Plaza
CS0305,Ly Saphin,Male,922 Mallard Junction
CS0306,Sal Berrycloth,Female,99881 Briar Crest Pass
CS0307,Romain Omand,Male,56128 Mesta Street
CS0308,Killian Hourigan,Male,839 Almo Crossing
CS0309,Dalli Martell,Male,755 Nevada Crossing
CS0310,Nikkie Frentz,Female,27 4th Junction
CS0311,Candie Gallichan,Female,42921 Buell Center
CS0312,Jannelle Wadmore,Female,35 Fairfield Park
CS0313,Darlleen Purchon,Female,23 Mallard Junction
CS0314,Justin Scinelli,Male,2427 Riverside Crossing
CS0315,Weylin Maslen,Male,4 Oriole Circle
CS0316,Janaya Teenan,Female,368 Ramsey Crossing
CS0317,Malinde Cuerdall,Female,646 Oriole Pass
CS0318,Natty Cescotti,Male,61080 Rockefeller Center
CS0319,Meier Archdeacon,Male,3996 Graedel Drive
CS0320,Shepard Drinan,Male,71896 Old Gate Center
CS0321,Dionne Copello,Female,374 Warbler Terrace
CS0322,Aubrette Care,Female,89 Boyd Court
CS0323,Jessi Joppich,Female,00779 Sunnyside Avenue
CS0324,Cheri Legion,Female,24675 Leroy Circle
CS0325,Iggy Allanson,Male,017 Fairfield Center
CS0326,Aube Probbings,Male,47 Troy Parkway
CS0327,Delcine Blackall,Female,3 Clyde Gallagher Junction
CS0328,Alyssa Croyden,Female,77 4th Drive
CS0329,Trude Ingliby,Female,909 Pleasure Court
CS0330,Penelope Newarte,Female,2787 Eagan Center
CS0331,Cullie Sheards,Male,894 Hazelcrest Road
CS0332,Trula Byk,Female,23 Anniversary Street
CS0333,Anestassia Laverick,Female,8264 Red Cloud Center
CS0334,Linell Erdely,Female,2 Barnett Hill
CS0335,Anthony Rashleigh,Male,0 Northridge Avenue
CS0336,Thurstan Druitt,Male,67 Del Sol Drive
CS0337,Ulberto Harsnep,Male,5 Susan Circle
CS0338,Nerissa Zanuciolii,Female,91 Utah Crossing
CS0339,Sallyann Jaouen,Female,7 Crest Line Road
CS0340,Burnard Checcucci,Male,6 Atwood Crossing
CS0341,Anabelle Beed,Female,5 Melrose Drive
CS0342,Jacquelyn Chancellor,Female,17 Saint Paul Terrace
CS0343,Cal Menichi,Male,4592 Pond Place
CS0344,Adham Frapwell,Male,718 Pawling Drive
CS0345,Kip Kensall,Male,0 Westridge Hill
CS0346,Lenora Cockburn,Female,79 Bellgrove Avenue
CS0347,Ardyth Korf,Female,38863 Mccormick Drive
CS0348,Paulie Soule,Female,536 Dapin Place
CS0349,Hector Roswarne,Male,95 Merry Point
CS0350,Dom Strank,Male,301 Sutherland Pass
CS0351,Cherin Tidmarsh,Female,3424 Michigan Center
CS0352,Kettie Skepper,Female,289 Talisman Circle
CS0353,Romeo Woolmore,Male,79 Shoshone Center
CS0354,Alice Jowling,Female,9840 Union Way
CS0355,Jarad Daggett,Male,80 Hayes Alley
CS0356,Richmond Applegate,Male,649 Commercial Road
CS0357,Remington Barthelemy,Male,1228 Sachtjen Street
CS0358,Jill Castro,Female,903 Springs Way
CS0359,Lanni Nunan,Female,15074 Meadow Valley Crossing
CS0360,Elnore Woollin,Female,78 Artisan Hill
CS0361,Merwyn Steane,Male,43 Bultman Place
CS0362,Pierrette Fenlon,Female,35 Pankratz Lane
CS0363,Susette Thairs,Female,6 Dryden Way
CS0364,Gasper Camock,Male,237 Hoffman Circle
CS0365,Peadar Lichtfoth,Male,125 Charing Cross Lane
CS0366,Maryellen Kear,Female,02 Spohn Place
CS0367,Mireille Olyonov,Female,4097 Park Meadow Place
CS0368,Aldwin MacDougal,Male,51248 Summer Ridge Road
CS0369,Richy Flukes,Male,9 Miller Alley
CS0370,Ham Layborn,Male,4 3rd Road
CS0371,Carol-jean Mityashin,Female,78 Corry Place
CS0372,Lida Fritche,Female,05663 Lakewood Gardens Hill
CS0373,Greer Boldt,Female,1190 Dunning Trail
CS0374,Dennet Duckham,Male,76226 Gerald Pass
CS0375,Johnathon Lattka,Male,17 Scoville Trail
CS0376,Cristionna Fillery,Female,8 Hagan Drive
CS0377,Codi Morgen,Female,66459 Granby Parkway
CS0378,Dimitry Pickrell,Male,082 Hoepker Way
CS0379,Hermon Scedall,Male,06012 Meadow Valley Street
CS0380,Camila Braysher,Female,55 Jenifer Plaza
CS0381,Mickey Bauckham,Male,98 Valley Edge Circle
CS0382,Guthrey Defew,Male,3751 Dwight Hill
CS0383,Zenia Iffland,Female,15511 Carpenter Pass
CS0384,Iolanthe Corradetti,Female,6028 Tennessee Court
CS0385,Upton Swarbrigg,Male,9823 Leroy Center
CS0386,Ariel Humbey,Male,64 East Crossing
CS0387,Ileane MacEvilly,Female,9289 Thompson Center
CS0388,Oralla Lau,Female,90467 Nova Street
CS0389,Vaclav Leipoldt,Male,7533 Erie Park
CS0390,Reggi Decreuze,Female,7698 Nevada Road
CS0391,Roanne Darter,Female,509 Maple Wood Crossing
CS0392,Chris Gallimore,Male,08 Chive Place
CS0393,Esteban Levesley,Male,24 7th Court
CS0394,Devi Breckon,Female,1 1st Hill
CS0395,Jarrad Borkett,Male,14 Dorton Place
CS0396,Winthrop Weathers,Male,03754 Hermina Alley
CS0397,Sibylle Harden,Female,03260 Donald Point
CS0398,Edithe Gadsden,Female,6 Prentice Hill
CS0399,Ewart Cheney,Male,5 Chive Drive
CS0400,Edita Finnie,Female,404 Dakota Hill
CS0401,Dick Wandrich,Male,55 Stone Corner Parkway
CS0402,Damien Abbets,Male,404 Holy Cross Court
CS0403,Desmond Fitchew,Male,1 Golf Drive
CS0404,Bail Tommasi,Male,13591 Kensington Place
CS0405,Charlene Druitt,Female,61662 Clove Point
CS0406,Terry Neylan,Male,4083 Dapin Point
CS0407,Brooks Kilpatrick,Female,5534 Shelley Point
CS0408,Sanford Hause,Male,2795 Waywood Junction
CS0409,Marlena Wimsett,Female,65200 Stoughton Junction
CS0410,Trevor Lapsley,Male,603 Jenifer Park
CS0411,Rogerio Curston,Male,32292 Swallow Plaza
CS0412,Ezekiel Cheley,Male,5358 Birchwood Way
CS0413,Herb Bastie,Male,3 Carberry Parkway
CS0414,Emilee Chastel,Female,14 Warrior Point
CS0415,Julissa Bartolic,Female,13278 Meadow Ridge Lane
CS0416,Blinny Ferencz,Female,7212 Gale Crossing
CS0417,Monica Pegrum,Female,9 Delaware Avenue
CS0418,Theodoric Follett,Male,73452 Arrowood Pass
CS0419,Bary Skelton,Male,7 Crownhardt Trail
CS0420,Christos Bumpas,Male,067 Lukken Street
CS0421,Adara Pottberry,Female,9678 Sunbrook Hill
CS0422,Minda Lumpkin,Female,3553 Aberg Alley
CS0423,Jacenta Cuniam,Female,91558 Clyde Gallagher Street
CS0424,Humfried Josupeit,Male,91108 Vernon Avenue
CS0425,Reynold Joist,Male,2 Golf Course Drive
CS0426,Saunders Baudy,Male,1821 Drewry Way
CS0427,Burton Dyment,Male,4 Moose Way
CS0428,Michel Beig,Female,47 Norway Maple Road
CS0429,Buddy Avann,Male,723 Mcbride Drive
CS0430,Woody Wickens,Male,97 Nobel Court
CS0431,Loren Eringey,Male,16760 Meadow Ridge Way
CS0432,Neils Zorzin,Male,93 Towne Lane
CS0433,Immanuel Attiwill,Male,9907 Little Fleur Way
CS0434,Rurik Tucknutt,Male,523 La Follette Trail
CS0435,Cameron Urquhart,Male,07234 Butterfield Point
CS0436,Natalee Jellicorse,Female,87 Sunbrook Park
CS0437,Claus Mance,Male,81 Southridge Alley
CS0438,Bevvy Labbey,Female,95707 Northland Plaza
CS0439,Arley Unwins,Male,39630 Arrowood Place
CS0440,Jennie Overstreet,Female,0 Esker Lane
CS0441,Cobby Logesdale,Male,8 Dixon Drive
CS0442,Benedikta Plowell,Female,9473 Duke Lane
CS0443,Carmella Broadis,Female,4 Bonner Alley
CS0444,Georgina Brady,Female,8503 Ruskin Street
CS0445,Michele Deeson,Female,7 Trailsway Alley
CS0446,Emery Hawley,Male,97 Valley Edge Crossing
CS0447,Martino Myderscough,Male,107 Mallory Terrace
CS0448,Ivy Matchell,Female,07673 Claremont Alley
CS0449,Joshuah Currum,Male,2 Bartelt Trail
CS0450,Arlinda Slowly,Female,6219 Bonner Avenue
CS0451,Rebbecca O Sharkey,Female,94648 Starling Street
CS0452,Stacia Atte-Stone,Female,9276 Shelley Park
CS0453,Albert Yellowlee,Male,415 Sutherland Park
CS0454,Evey Ikin,Female,459 Clove Circle
CS0455,Stevana Sehorsch,Female,34231 Petterle Point
CS0456,Gleda Tolland,Female,0 Cardinal Pass
CS0457,Adlai Dronsfield,Male,5 Duke Circle
CS0458,Maudie Rayne,Female,203 Trailsway Alley
CS0459,Audy Gorner,Female,62 Sutherland Road
CS0460,Zsazsa Monroe,Female,779 Cottonwood Crossing
CS0461,Brandy Merrill,Female,4 Maryland Alley
CS0462,Giffy Jeram,Male,54652 Lotheville Alley
CS0463,Scottie Brideaux,Male,93 Dakota Plaza
CS0464,Chiquita Stubbings,Female,51976 Washington Avenue
CS0465,Stearne Sollars,Male,24 Trailsway Plaza
CS0466,Adey Wyldish,Female,59578 Montana Lane
CS0467,Renato Busfield,Male,425 Hallows Trail
CS0468,Frans Stratz,Male,56614 Spaight Street
CS0469,Warren Heinig,Male,74150 Swallow Street
CS0470,Arlyn Starmont,Female,65 Maple Wood Lane
CS0471,Zahara Leaning,Female,4019 Claremont Trail
CS0472,Fredi Yele,Female,12 Blue Bill Park Junction
CS0473,Reba Geering,Female,607 Butternut Hill
CS0474,Pammie McVeigh,Female,3 Lakewood Gardens Pass
CS0475,Dorey Schulkins,Female,60 Service Terrace
CS0476,Kiley Jaher,Male,41 Londonderry Way
CS0477,Gal Charlet,Male,9 Susan Junction
CS0478,Kim Maase,Male,408 Coolidge Point
CS0479,Elvera Sink,Female,75670 South Terrace
CS0480,Rickie Breagan,Female,12 Golden Leaf Way
CS0481,Annemarie Iddons,Female,98882 Towne Alley
CS0482,Dorette Offin,Female,1 Moland Trail
CS0483,Gannie Ballentime,Male,10 Golf Course Place
CS0484,Olivie Cammock,Female,82 Golf Alley
CS0485,Jeth Weinberg,Male,2 Nevada Park
CS0486,Vasili Chopin,Male,931 Chive Street
CS0487,Tania Tapin,Female,9096 Jana Place
CS0488,Orbadiah Tedder,Male,43519 Fuller Place
CS0489,Justen McTaggart,Male,9979 Crowley Trail
CS0490,Sheila-kathryn Yedall,Female,54 Pennsylvania Circle
CS0491,Tabbie Candelin,Female,09 Ruskin Hill
CS0492,Grove Crookshank,Male,8 Kropf Park
CS0493,Gabey Hastwell,Female,2 Di Loreto Circle
CS0494,Genvieve Churchin,Female,12 Fisk Avenue
CS0495,Georgina Cole,Female,39 Dixon Drive
CS0496,Lisette Smees,Female,21 Myrtle Circle
CS0497,Branden Poulsen,Male,8 Maryland Park
CS0498,Kale Pentycross,Male,14470 Browning Way
CS0499,Westley Eddison,Male,1026 Garrison Trail
CS0500,Scot Yitzhakov,Male,3377 Carberry Plaza
CS0501,Scott Cousans,Male,665 Iowa Junction
CS0502,Junina Middle,Female,250 Bashford Alley
CS0503,Meagan Damarell,Female,142 Armistice Terrace
CS0504,Puff Primarolo,Male,6467 Eagle Crest Plaza
CS0505,Whitby Ingarfield,Male,4301 Westport Circle
CS0506,Erroll Illem,Male,0 Cordelia Alley
CS0507,Sarette Twentyman,Female,377 Forest Alley
CS0508,Elita Caveill,Female,93 Golf Course Place
CS0509,Orville Brunger,Male,211 Ridgeview Hill
CS0510,Florinda McDunlevy,Female,29399 Shoshone Center
CS0511,Aldridge Bridgens,Male,3 Rigney Crossing
CS0512,Jacynth Darlow,Female,74 7th Drive
CS0513,Chic Tabor,Male,10474 Surrey Trail
CS0514,Nikkie Burras,Female,620 Burning Wood Terrace
CS0515,Joel Saville,Male,04362 American Ash Way
CS0516,Avrom Schiefersten,Male,10 Helena Way
CS0517,Gannie Loynes,Male,2 Talisman Center
CS0518,Jordain Chetwynd,Female,8 Bluejay Terrace
CS0519,Win Sherland,Male,1 Hovde Pass
CS0520,Ritchie Jurczyk,Male,560 Porter Terrace
CS0521,Ives Oaten,Male,454 Onsgard Plaza
CS0522,Davey Truitt,Male,682 Milwaukee Lane
CS0523,Beckie Ion,Female,946 Kings Terrace
CS0524,Christal Plail,Female,933 Jenifer Trail
CS0525,Hayyim Tolotti,Male,6 Wayridge Alley
CS0526,Twila Clutten,Female,1 Myrtle Place
CS0527,Yasmeen Balston,Female,311 Anderson Park
CS0528,Coleman Hale,Male,11 Barby Parkway
CS0529,Irvin Beverstock,Male,65660 Graedel Park
CS0530,Harold Shilliday,Male,0521 Cody Trail
CS0531,Charlie Errey,Male,8865 Dixon Court
CS0532,Thaddeus Margetson,Male,90 Sunfield Hill
CS0533,Hillery Wilkinson,Male,82 Sunfield Parkway
CS0534,Cilka Lates,Female,33 Prentice Trail
CS0535,Janelle Maughan,Female,157 Del Sol Crossing
CS0536,Anderea Driver,Female,1 Summit Pass
CS0537,Geno Athy,Male,8 Butterfield Place
CS0538,Fernanda Bolingbroke,Female,4980 1st Point
CS0539,Olav Slaymaker,Male,7206 Knutson Way
CS0540,Dania Alonso,Female,46 Dorton Street
CS0541,Aldo Hillan,Male,02 Birchwood Parkway
CS0542,Burr Beltzner,Male,662 Nancy Junction
CS0543,Pavlov Chalfant,Male,36 Manufacturers Pass
CS0544,Chaunce Blasl,Male,389 Lillian Point
CS0545,Libbi Caddies,Female,77 8th Way
CS0546,Georgeanne Grimbaldeston,Female,9 Dorton Trail
CS0547,Flss Lowrey,Female,555 Golf View Point
CS0548,Amby Blanckley,Male,52 Maple Point
CS0549,Sibeal McIlvenny,Female,9 Burrows Road
CS0550,Che Crickmoor,Male,1 Ohio Point
CS0551,Cobb Hanks,Male,5 Manitowish Avenue
CS0552,Eduard De Biasi,Male,1596 Lighthouse Bay Terrace
CS0553,Renell Govett,Female,09 Green Ridge Trail
CS0554,Christoforo Nicolls,Male,1185 Merrick Pass
CS0555,Gabby D Emanuele,Male,4568 Mayfield Way
CS0556,Carri Domokos,Female,0298 Tennessee Pass
CS0557,Buddie Matovic,Male,237 Scofield Way
CS0558,Weylin Querrard,Male,1515 Scoville Drive
CS0559,Borden Pretti,Male,4595 Rockefeller Pass
CS0560,Jonah Elders,Male,529 Sutherland Terrace
CS0561,Hewitt Ganter,Male,2303 Messerschmidt Way
CS0562,Ketty Stockton,Female,8 Northport Parkway
CS0563,Stacy Bastian,Male,40 Vidon Pass
CS0564,Felicdad Crampton,Female,375 Di Loreto Circle
CS0565,Perri Sikora,Female,91 Eggendart Center
CS0566,Gus Melmore,Male,98 Quincy Center
CS0567,Else Barczewski,Female,764 Hoepker Hill
CS0568,Avrit Larrie,Female,526 Stang Alley
CS0569,Skip Rutley,Male,9 Hayes Crossing
CS0570,Wynny Noades,Female,22 Blackbird Terrace
CS0571,Hobart Brewood,Male,39458 Rowland Circle
CS0572,Angelika Burchfield,Female,5 Clemons Way
CS0573,Melody Gallally,Female,0206 Loeprich Drive
CS0574,Hieronymus Kynastone,Male,88 Crowley Parkway
CS0575,Stuart Meynell,Male,8 Dayton Plaza
CS0576,Barrett Simounet,Male,3343 Grover Lane
CS0577,Ginelle Daughton,Female,008 Nova Hill
CS0578,Theodoric Chetter,Male,2 Pankratz Way
CS0579,Sylvia Bachelor,Female,6250 Texas Parkway
CS0580,Quentin Bowers,Female,2 Kropf Way
CS0581,Tessi Dobkin,Female,0619 Comanche Point
CS0582,Ardisj Basnett,Female,70146 Manitowish Center
CS0583,Evanne Reimer,Female,6 Northfield Center
CS0584,Alva Kepp,Male,6 Golf View Court
CS0585,Berti Clark,Male,661 Stephen Pass
CS0586,Louis Sopp,Male,5 Red Cloud Avenue
CS0587,Cesaro MacAllaster,Male,77 Ruskin Terrace
CS0588,Golda Fyfe,Female,01 Florence Street
CS0589,Lin Arnoldi,Male,7918 Valley Edge Place
CS0590,Albertina Somerville,Female,79426 Jenifer Parkway
CS0591,Isador Hollyer,Male,02055 Briar Crest Way
CS0592,Gage Latehouse,Male,8325 Corry Alley
CS0593,Errol Bergin,Male,80689 Portage Park
CS0594,Carlyle Richold,Male,7 Oak Street
CS0595,Raf Dorwood,Female,123 Cascade Place
CS0596,Adams Raubenheim,Male,7111 Ridgeway Road
CS0597,Ulysses Orrobin,Male,06 Rockefeller Plaza
CS0598,Lavena Napier,Female,830 Rutledge Pass
CS0599,Britte Petruszka,Female,722 Golf Course Pass
CS0600,Richard Sharp,Male,21 Bunting Way
CS0601,Robbie Woodgate,Male,5045 Declaration Parkway
CS0602,La verne Devenish,Female,8437 Melody Place
CS0603,Genvieve Craigmyle,Female,5880 Linden Alley
CS0604,Dannie Capeloff,Male,11 Nelson Circle
CS0605,Dukey Murphey,Male,926 Spohn Center
CS0606,Agnes McGuiness,Female,786 Birchwood Court
CS0607,Agata Meyrick,Female,991 Susan Park
CS0608,Griffie Penhaligon,Male,63196 Kings Place
CS0609,Alric Tonn,Male,98802 Warbler Trail
CS0610,Kori Martine,Female,05 Farmco Way
CS0611,Linnell Sutherley,Female,7945 Vernon Avenue
CS0612,Catharina Osan,Female,4 Prairieview Center
CS0613,Vonny Beecker,Female,2 Portage Alley
CS0614,Sidonnie Waby,Female,94310 Westend Street
CS0615,Miran Feather,Female,2 Comanche Crossing
CS0616,Joice Ducker,Female,58 Northridge Pass
CS0617,Adelind Tomaskov,Female,4096 Pennsylvania Alley
CS0618,Hamilton Polon,Male,9 Coleman Court
CS0619,Thaxter Upson,Male,72902 Johnson Trail
CS0620,Scarlett Hurley,Female,772 Arkansas Street
CS0621,Katha Sharpous,Female,88207 Dapin Lane
CS0622,Isa Amphlett,Female,613 Laurel Terrace
CS0623,Ab Lloyd,Male,6 Mccormick Crossing
CS0624,Leigh Eager,Male,373 Grover Court
CS0625,Guido Monan,Male,9 Anzinger Avenue
CS0626,Bucky Belfitt,Male,1 Spaight Avenue
CS0627,Alexandro Berryman,Male,78993 Sage Avenue
CS0628,Viva Hemphrey,Female,1836 Fieldstone Way
CS0629,Dilan Brimblecomb,Male,9761 Morning Road
CS0630,Willamina Petrosian,Female,81703 Algoma Way
CS0631,Edwin Tunno,Male,804 Longview Avenue
CS0632,Nikolai Houselee,Male,4 Londonderry Trail
CS0633,Kathi Limpricht,Female,062 Spenser Lane
CS0634,Noble Linklater,Male,33500 Transport Trail
CS0635,Nari Avent,Female,1866 Heffernan Junction
CS0636,Roxane Cheasman,Female,6074 Stephen Trail
CS0637,Salem McDonagh,Male,99618 Thackeray Way
CS0638,Tremaine Pues,Male,424 Express Court
CS0639,Ware Moston,Male,73 Jana Lane
CS0640,Lishe Ashbee,Female,27941 Bashford Pass
CS0641,Annalise Slyde,Female,636 Dayton Terrace
CS0642,Anatole O Hagan,Male,8179 Buena Vista Street
CS0643,Rodrigo Reignolds,Male,2 Raven Street
CS0644,Herbie Rickeard,Male,387 Delladonna Trail
CS0645,Jimmy Olivie,Male,841 Sycamore Road
CS0646,Kain Northwood,Male,53061 Kedzie Avenue
CS0647,Hastings Slad,Male,16598 Schiller Place
CS0648,Farand Laybourn,Female,8082 Granby Avenue
CS0649,Maurits Tolerton,Male,02 Meadow Vale Crossing
CS0650,Conant Gosnell,Male,20 Bultman Lane
CS0651,Tuckie Musker,Male,9221 Loomis Place
CS0652,Dukie Derington,Male,535 Texas Court
CS0653,Flin McCarver,Male,41513 Briar Crest Crossing
CS0654,Rosabella Simnor,Female,40 Reinke Point
CS0655,Base Snap,Male,39683 Steensland Drive
CS0656,Timmy Benedek,Female,2 Briar Crest Road
CS0657,Jud Reddle,Male,967 Pleasure Street
CS0658,Reginald Lugton,Male,9 Emmet Alley
CS0659,Geoffry Ladds,Male,22377 Mesta Alley
CS0660,Onida Bordone,Female,2 Waywood Terrace
CS0661,Judon Winspear,Male,45 Mcguire Lane
CS0662,Whitaker Orcas,Male,58 Cody Lane
CS0663,Madalena Gallone,Female,6 Garrison Drive
CS0664,Erma MacNeilly,Female,2 Beilfuss Parkway
CS0665,Dene Jerschke,Male,87 Cherokee Alley
CS0666,Clemente Gathercole,Male,3466 Welch Point
CS0667,Fedora Nicholson,Female,07 Dottie Avenue
CS0668,Rycca Chessil,Female,028 Paget Crossing
CS0669,Clementina Braidwood,Female,6 Sundown Lane
CS0670,Benedikt Hymer,Male,0 Clemons Court
CS0671,Barnabe Reilinger,Male,72 Manley Lane
CS0672,Carolynn Kleinmintz,Female,9 Farragut Hill
CS0673,Arielle Tabor,Female,3573 Ilene Road
CS0674,Ulberto Odney,Male,409 Nova Court
CS0675,Ralina Blyde,Female,82727 Sachs Avenue
CS0676,Emerson Tillyer,Male,71750 Ridge Oak Lane
CS0677,Dollie Van Eeden,Female,1532 Morning Hill
CS0678,Grazia Grog,Female,650 Pond Hill
CS0679,Thurstan Enrique,Male,08779 Bowman Road
CS0680,Starlin Sheen,Female,38 Village Green Center
CS0681,Allsun Sarjeant,Female,57117 Hooker Junction
CS0682,Montague Orsman,Male,53244 Forster Crossing
CS0683,Emilee Donovan,Female,57 Roxbury Terrace
CS0684,Sid Abramchik,Male,04 Elka Junction
CS0685,Amos Slott,Male,9795 Summit Drive
CS0686,Franciska Janosevic,Female,32 1st Crossing
CS0687,Inglebert Wringe,Male,8 Morrow Terrace
CS0688,Phillis Gouly,Female,5440 Cordelia Drive
CS0689,Fidel Loadwick,Male,66197 Morning Trail
CS0690,Jayme Glowach,Female,29 Summerview Parkway
CS0691,Warner Tremellan,Male,00860 Reindahl Park
CS0692,Humphrey Darton,Male,9256 Cottonwood Terrace
CS0693,Florina Cana,Female,14208 Main Terrace
CS0694,Craggy Shreeve,Male,0 Shelley Place
CS0695,Aymer Voden,Male,7697 Logan Trail
CS0696,Agnella Cattermole,Female,39 Moland Place
CS0697,Rochell Shottin,Female,1159 Birchwood Trail
CS0698,Reade Hutchinson,Male,82854 Surrey Trail
CS0699,Alanna Coulthard,Female,739 Duke Circle
CS0700,Vin Worcs,Female,283 Washington Road
CS0701,Jordan Couvert,Male,1 Di Loreto Alley
CS0702,Brad Atwell,Male,9 3rd Park
CS0703,Zaccaria McQuin,Male,83 Blackbird Crossing
CS0704,Conrade Galsworthy,Male,58 South Park
CS0705,Diandra Valerio,Female,823 Shasta Way
CS0706,Lemmie Clows,Male,39 Mccormick Center
CS0707,Marcelle Cocklie,Female,930 Roxbury Drive
CS0708,Madalyn Springtorp,Female,63 Kipling Parkway
CS0709,Ashby Scahill,Male,2234 Raven Lane
CS0710,Bella Kearton,Female,42 La Follette Parkway
CS0711,Stephie Joy,Female,672 Mesta Park
CS0712,Karolina Minett,Female,6 Green Parkway
CS0713,Milzie Vallens,Female,91 Manitowish Lane
CS0714,Sara-ann Atmore,Female,078 Moose Hill
CS0715,Raimund Hare,Male,27991 Service Avenue
CS0716,Kai Staries,Female,6 Karstens Court
CS0717,Alys Greber,Female,6 Sunfield Lane
CS0718,Angus Soule,Male,084 Tennessee Terrace
CS0719,Guillermo Berzons,Male,9121 Oxford Avenue
CS0720,Imogene Strain,Female,7 Warrior Drive
CS0721,Thacher Greave,Male,529 Trailsway Road
CS0722,Benito Pimmocke,Male,4 Northridge Parkway
CS0723,Valida Kalisch,Female,597 Eliot Point
CS0724,Godfrey Brandolini,Male,95022 Prairieview Court
CS0725,Charisse Buckland,Female,4 Crescent Oaks Center
CS0726,Nahum McOrkill,Male,04 Manufacturers Crossing
CS0727,Dorree Dalzell,Female,416 Luster Plaza
CS0728,Faye Iggulden,Female,2659 Kim Avenue
CS0729,Conway Helm,Male,70198 Drewry Alley
CS0730,Travers Bampforth,Male,21 Carey Street
CS0731,Aurel Vinker,Female,2499 Marcy Road
CS0732,Yves Bastock,Male,700 Welch Park
CS0733,Daryle Graysmark,Male,655 Linden Crossing
CS0734,Howard Kettridge,Male,25 Daystar Junction
CS0735,Tremain Bliben,Male,72 Utah Road
CS0736,Whitney Tree,Female,6 3rd Hill
CS0737,Ferne Southwick,Female,68 Jenna Trail
CS0738,Hallie Swaton,Female,1 Shasta Court
CS0739,Yolande Rusling,Female,630 Oak Center
CS0740,Bria Kabisch,Female,2268 Park Meadow Junction
CS0741,Anatole Broodes,Male,22 Sugar Road
CS0742,Freda Ferencowicz,Female,3278 Corben Park
CS0743,Cammi Kas,Female,95603 Beilfuss Plaza
CS0744,Hanson Giacoboni,Male,610 Mariners Cove Court
CS0745,Kendra D Ambrosi,Female,42663 Tennessee Parkway
CS0746,Honoria Korfmann,Female,42517 Cottonwood Parkway
CS0747,Emmie Dobel,Female,59875 Drewry Trail
CS0748,Rory Bellhouse,Male,9 Center Terrace
CS0749,Marris Passey,Female,10 Longview Park
CS0750,Consuela March,Female,61 Longview Drive
CS0751,Teddie Garmey,Female,00696 Dixon Terrace
CS0752,Alexandrina Ciciura,Female,13192 Sunnyside Center
CS0753,Gerianna Gillard,Female,5802 Badeau Point
CS0754,Merrill Dedden,Female,1880 Alpine Crossing
CS0755,Jennine Pietrowicz,Female,2 Pawling Park
CS0756,Edin Conrad,Female,95 8th Hill
CS0757,Justin Meritt,Male,53031 Del Sol Plaza
CS0758,Alvy Templar,Male,46090 Red Cloud Hill
CS0759,Saraann Lensch,Female,6 Merchant Street
CS0760,Frazer Jans,Male,7947 Dahle Park
CS0761,Jae Eccott,Male,02 Farragut Street
CS0762,Cullin Braidford,Male,26 Duke Trail
CS0763,Haskell Soltan,Male,675 Loeprich Lane
CS0764,Timmie Jagg,Female,377 Bobwhite Plaza
CS0765,Othilie Lumber,Female,29672 Spaight Avenue
CS0766,Missy Peploe,Female,89453 Fieldstone Lane
CS0767,Meryl Tevelov,Female,144 North Street
CS0768,Cole Garritley,Male,36 Brickson Park Hill
CS0769,Roscoe Ebbles,Male,7174 Springview Place
CS0770,Hanna Sleeman,Female,080 Toban Junction
CS0771,Davy Hedderly,Male,830 Green Center
CS0772,Jack Normanton,Male,69866 Kipling Park
CS0773,Shalne De Cleyne,Female,038 Claremont Terrace
CS0774,Karole Greenig,Female,052 Stephen Crossing
CS0775,Tomasine Jesty,Female,28 Petterle Street
CS0776,Corbett Dullaghan,Male,95954 Bunker Hill Terrace
CS0777,Chuck Dudman,Male,2944 Stoughton Drive
CS0778,Corri Romney,Female,85470 Spenser Terrace
CS0779,Johan Portis,Male,273 Fulton Lane
CS0780,Debee Vondrys,Female,72 Paget Park
CS0781,Sal Durdy,Female,226 Lerdahl Circle
CS0782,Phebe Edes,Female,759 Everett Way
CS0783,Shane Parriss,Female,29 Fieldstone Junction
CS0784,Christy Jeal,Female,8 Muir Center
CS0785,Willy Monks,Male,5734 Dwight Road
CS0786,Ward Girk,Male,1 Graedel Alley
CS0787,Brennan Leither,Male,6440 Talisman Way
CS0788,Lothario Jervois,Male,46113 Pine View Hill
CS0789,Tally Liggett,Male,482 Ryan Way
CS0790,Erick Vannah,Male,5 Nevada Junction
CS0791,Renaud Chattoe,Male,244 Oakridge Park
CS0792,Constantine Alessandrini,Female,281 Tony Trail
CS0793,Irvine Paprotny,Male,5852 Meadow Vale Drive
CS0794,Gennifer Barehead,Female,7 Fordem Avenue
CS0795,Ola Guislin,Female,46 Steensland Court
CS0796,Tawnya Phare,Female,9389 Carpenter Parkway
CS0797,Roxanna Chaston,Female,76 Service Circle
CS0798,Bonita Donhardt,Female,4142 Mariners Cove Terrace
CS0799,Nelly Maroney,Female,550 Morrow Parkway
CS0800,Nick Carnall,Male,9178 Fulton Circle
CS0801,Lise Siret,Female,25 Twin Pines Plaza
CS0802,Idell Ruzicka,Female,80985 Utah Junction
CS0803,Celisse Tomsa,Female,9 Kingsford Road
CS0804,Lonee MacDermott,Female,41398 3rd Hill
CS0805,Cullen Whitford,Male,33 Donald Plaza
CS0806,Loella Batman,Female,8 Continental Pass
CS0807,Tracy Impey,Female,73 Green Ridge Junction
CS0808,Suzette Wendover,Female,6 4th Place
CS0809,Derward Fawke,Male,82 Porter Crossing
CS0810,Tonie Whiskerd,Female,96634 Haas Road
CS0811,Jacquenetta Luchelli,Female,885 Garrison Place
CS0812,Robina Peacham,Female,8946 Hansons Hill
CS0813,Brod Brockherst,Male,53567 Ridgeway Hill
CS0814,Dorothea Hallum,Female,27323 Beilfuss Avenue
CS0815,Ofella Longland,Female,3803 Hazelcrest Parkway
CS0816,Tab Daskiewicz,Male,9238 Loomis Junction
CS0817,Leonardo Saull,Male,5 Spenser Road
CS0818,Ted Fancet,Male,436 Mendota Pass
CS0819,Ramsey Muncaster,Male,4 Canary Circle
CS0820,Darell Dahle,Female,65 Oriole Road
CS0821,Gan Ismail,Male,36 1st Lane
CS0822,Thoma Bliss,Male,178 Bunker Hill Lane
CS0823,Rozella Theis,Female,8 Kensington Hill
CS0824,Erick Ropking,Male,9923 High Crossing Road
CS0825,Engelbert Game,Male,40869 Barnett Plaza
CS0826,Michele Petrashov,Male,012 Commercial Parkway
CS0827,Germana Heatly,Female,01 Dawn Drive
CS0828,Florenza Hawkes,Female,68903 Carpenter Plaza
CS0829,Bennie Cann,Female,9 Eggendart Center
CS0830,Bethanne Sunley,Female,8367 Kensington Crossing
CS0831,Worden Roberts,Male,06204 Bay Alley
CS0832,Kennith Murricanes,Male,71795 Charing Cross Point
CS0833,Thain Simonou,Male,640 Valley Edge Lane
CS0834,Nicol Flavelle,Male,716 Surrey Street
CS0835,Orran Trewhella,Male,7 Carey Court
CS0836,Xenia Victor,Female,58861 Elmside Pass
CS0837,Faber Fardoe,Male,6 Clemons Hill
CS0838,Geoffrey McKennan,Male,07250 Basil Street
CS0839,Dallas Maddrell,Female,03261 Myrtle Crossing
CS0840,Suzann McGurgan,Female,1 Dakota Junction
CS0841,Garrot Upsale,Male,66845 Coleman Crossing
CS0842,Devonna Sabater,Female,64686 Emmet Junction
CS0843,Fawne Lemmers,Female,40003 Raven Court
CS0844,Rosamond Yglesia,Female,496 Weeping Birch Center
CS0845,Ryun McCaw,Male,507 Thompson Pass
CS0846,Pearline Guslon,Female,8 Dawn Park
CS0847,Geordie Godon,Male,8838 Valley Edge Road
CS0848,Starlin Dowsett,Female,4 Hanson Street
CS0849,Lambert Dennert,Male,1 Hoffman Plaza
CS0850,Mona Rodda,Female,4886 Ramsey Lane
CS0851,Michele O Ruane,Female,16 Darwin Trail
CS0852,Raffaello Columbell,Male,4 Sugar Circle
CS0853,Selena Sparhawk,Female,14 Pierstorff Pass
CS0854,Shara Darville,Female,476 Superior Street
CS0855,Daune Lowry,Female,94 Sutteridge Hill
CS0856,Chilton Jeandel,Male,0067 Warbler Trail
CS0857,Dill Starsmore,Male,2114 Iowa Alley
CS0858,Arlyn Thurstance,Female,1 Prairieview Park
CS0859,Gwenny Keyse,Female,870 Meadow Vale Terrace
CS0860,Stevie Bevens,Male,500 Rowland Alley
CS0861,Nanon Gummie,Female,0045 Shelley Avenue
CS0862,Worthington Lambourne,Male,03384 Mosinee Point
CS0863,Fancy Normanton,Female,0582 Drewry Trail
CS0864,Benyamin Bemand,Male,33 Corry Hill
CS0865,Vanya Georg,Female,7007 Hovde Terrace
CS0866,Almeria Emeline,Female,7445 Sunfield Circle
CS0867,Parnell Burgoin,Male,30525 Hoard Parkway
CS0868,Constanta Varnes,Female,8865 Clemons Road
CS0869,Terrijo Kearney,Female,5 Hoffman Point
CS0870,Sullivan Birtwistle,Male,22831 Lerdahl Lane
CS0871,Richmond Roo,Male,783 Carpenter Hill
CS0872,Artemas Bricklebank,Male,185 Ridge Oak Drive
CS0873,Binky Poultney,Male,4 Surrey Parkway
CS0874,Gavan Nussey,Male,39823 Crowley Place
CS0875,Zachery Guerre,Male,64 Buhler Park
CS0876,Andrew Brigden,Male,9084 Kings Drive
CS0877,Ebony Singleton,Female,0 Karstens Junction
CS0878,Con Blackney,Male,92300 Union Trail
CS0879,Marysa Routley,Female,27 Di Loreto Junction
CS0880,Delmar Durbann,Male,9839 Hauk Court
CS0881,Boony Itchingham,Male,4 Meadow Vale Park
CS0882,Orran Spraging,Male,6 Westerfield Plaza
CS0883,Prentice Pitceathly,Male,488 Mallory Trail
CS0884,Dana Barense,Female,20848 Monica Way
CS0885,Fleur Drinkel,Female,2064 Oxford Place
CS0886,Jermaine Asche,Female,0 7th Parkway
CS0887,Noreen Kunneke,Female,7654 Park Meadow Parkway
CS0888,Marylynne Morphet,Female,9 Lawn Court
CS0889,Silvia Esgate,Female,242 Huxley Avenue
CS0890,Lesli O  Dornan,Female,281 Green Ridge Hill
CS0891,Rosabelle Baudy,Female,4 Melvin Trail
CS0892,Farly Carefull,Male,9 Ridge Oak Crossing
CS0893,Allison Trustrie,Female,972 Johnson Plaza
CS0894,Natassia Tallis,Female,7 Hanson Avenue
CS0895,Llywellyn Caville,Male,879 Forest Run Avenue
CS0896,Wainwright Clorley,Male,07 Golden Leaf Point
CS0897,Ertha Norssister,Female,1475 Merry Lane
CS0898,Birch Cains,Male,3 Sherman Parkway
CS0899,Kalvin Tomaszynski,Male,42291 Atwood Street
CS0900,Jan Petti,Female,07404 Roth Street
CS0901,Margi Godfroy,Female,05 Buell Alley
CS0902,Yance Ballintime,Male,16435 Mockingbird Court
CS0903,Buckie Juara,Male,6 Northport Hill
CS0904,Anatollo Licciardi,Male,0 Pankratz Park
CS0905,Delcine MacVaugh,Female,368 Grim Alley
CS0906,Judd Fines,Male,91 4th Center
CS0907,Bebe Blenkensop,Female,0199 Arrowood Center
CS0908,Nadya Monksfield,Female,9 Rockefeller Park
CS0909,Willamina Gillbard,Female,5777 Express Point
CS0910,Ashil Fritz,Female,70716 7th Circle
CS0911,Rorke Stoll,Male,4192 Monica Terrace
CS0912,Sigfrid Human,Male,65483 Muir Way
CS0913,Hedda Newell,Female,1262 Haas Avenue
CS0914,Dorothy Ludgate,Female,4359 Tennyson Plaza
CS0915,Kassi Guido,Female,76659 Burning Wood Terrace
CS0916,Jefferey Bleasby,Male,3 Merrick Plaza
CS0917,Laurette Canadas,Female,5 Fieldstone Lane
CS0918,Saundra Scotchmore,Female,1973 Mayfield Terrace
CS0919,Morty Sigge,Male,75 Cambridge Court
CS0920,Cindee Kettlesting,Female,9482 Vera Center
CS0921,Hy Simoneschi,Male,7403 Claremont Junction
CS0922,Tamqrah Fores,Female,79 Norway Maple Court
CS0923,Anthony Lightollers,Male,30471 Thackeray Avenue
CS0924,Hartley Ferrarin,Male,1398 Stoughton Junction
CS0925,Myrtle Walaron,Female,8 Portage Plaza
CS0926,Joyann Derby,Female,785 Erie Center
CS0927,Ashlan Scopyn,Female,22308 Bellgrove Park
CS0928,Tricia Braine,Female,150 Bartillon Avenue
CS0929,Linette Yea,Female,34079 Badeau Parkway
CS0930,Judi Stranio,Female,300 Schurz Street
CS0931,Manny Crus,Male,03 Drewry Road
CS0932,Skyler Lippo,Male,84 Mandrake Alley
CS0933,Stefan Gartenfeld,Male,970 Reindahl Place
CS0934,Kenneth Krugmann,Male,63677 Orin Avenue
CS0935,Brennen Gero,Male,38547 Manufacturers Way
CS0936,Steffane Vallens,Female,16165 7th Trail
CS0937,Calida Van der Velde,Female,0425 Coolidge Way
CS0938,Smitty Martinyuk,Male,7 Mallory Center
CS0939,Orlando Trahear,Male,8608 Burning Wood Avenue
CS0940,Kevan Ablett,Male,603 Sutteridge Point
CS0941,Carolus Eastgate,Male,9845 Stuart Alley
CS0942,Catarina Lemanu,Female,4 Wayridge Park
CS0943,Darrel Delhay,Male,44110 Dennis Point
CS0944,Vachel McAlpine,Male,0 Marcy Lane
CS0945,Gasper Maybery,Male,0408 Shoshone Place
CS0946,Oates Bollum,Male,4647 Shasta Circle
CS0947,Yancy Wheildon,Male,35 Main Park
CS0948,Elke Shallcroff,Female,146 Walton Crossing
CS0949,Winny Christofides,Female,899 American Ash Alley
CS0950,Guilbert Marfell,Male,95984 Killdeer Plaza
CS0951,Malachi Venes,Male,32 Scofield Court
CS0952,Peria Roddick,Female,35 Mifflin Parkway
CS0953,Stirling Cubbit,Male,59407 Manitowish Plaza
CS0954,Shadow Tabourin,Male,80 Division Junction
CS0955,Clair Zarfai,Female,9159 Autumn Leaf Terrace
CS0956,Corena Mulliner,Female,8 Bellgrove Center
CS0957,Tomasina O Neal,Female,77986 Messerschmidt Hill
CS0958,Leif Gidley,Male,501 Holy Cross Drive
CS0959,Angus Tilmouth,Male,4 Summit Avenue
CS0960,Ferdinand Grabb,Male,917 Melrose Place
CS0961,Jerry Ferrino,Male,81280 Cardinal Road
CS0962,Salim Braybrookes,Male,97 Ridgeway Center
CS0963,Sela Dunklee,Female,2 Village Way
CS0964,Issiah Mourant,Male,9616 Manitowish Trail
CS0965,Rianon Janota,Female,512 Pepper Wood Pass
CS0966,Clara Aupol,Female,4 Lindbergh Point
CS0967,Cristobal Sneyd,Male,1258 Harbort Pass
CS0968,Darcey Leeke,Female,09 Service Plaza
CS0969,Ezekiel Fillon,Male,11695 Graceland Road
CS0970,Eugenio Boon,Male,1 Debra Plaza
CS0971,Trev Hawes,Male,73 Ridgeway Way
CS0972,Aili Allum,Female,136 Towne Point
CS0973,Quill Starrs,Male,42 Northland Road
CS0974,Frederigo Breacher,Male,459 Maple Road
CS0975,Frants Cuvley,Male,19 Fallview Alley
CS0976,Fredric Burk,Male,9 Anhalt Point
CS0977,Harriott Seligson,Female,96 Old Gate Street
CS0978,Reba Kopfen,Female,22 Crownhardt Park
CS0979,Laureen Marquess,Female,08 David Center
CS0980,Jourdain Cadney,Male,66 Mesta Terrace
CS0981,Shelbi Kalinke,Female,92 Bonner Place
CS0982,Vanya Wombwell,Female,21446 Johnson Parkway
CS0983,Court Alison,Male,4540 Sutherland Road
CS0984,Zulema Backs,Female,5714 Bonner Avenue
CS0985,Kristyn Hamlett,Female,1631 Killdeer Place
CS0986,Cookie Turbefield,Female,61639 Linden Lane
CS0987,Far Binden,Male,7539 Thackeray Trail
CS0988,Adrian Inworth,Female,66 Westend Circle
CS0989,Sterling Bennike,Male,345 Colorado Trail
CS0990,Athena Aliberti,Female,49812 3rd Alley
CS0991,Neville Durman,Male,552 Pleasure Street
CS0992,Legra Shelbourne,Female,965 Elgar Terrace
CS0993,Virgil Seed,Male,111 Bonner Center
CS0994,Flem Fowell,Male,646 Hayes Pass
CS0995,Hieronymus Saiger,Male,00 Union Junction
CS0996,Rudolf Dikels,Male,38 Jenifer Trail
CS0997,Lynelle Merkle,Female,0 Pawling Parkway
CS0998,Andreas Snowball,Male,06908 Russell Lane
CS0999,Bartel Robinet,Male,3370 Jenna Plaza
CS1000,Maribelle Maccrae,Female,4995 Westridge Plaza
