StaffID,StaffName,StaffGender,StaffAddress
ST0001,Kay Gorcke,Female,94 Loftsgordon Terrace
ST0002,Del Scranedge,Male,3409 Kingsford Center
ST0003,Geralda Farn,Female,34611 Dawn Court
ST0004,Ethelred Ruddy,Male,00419 Logan Avenue
ST0005,Errol Faircliffe,Male,1 Rusk Court
ST0006,Dolph Andreotti,Male,62918 Longview Center
ST0007,Smith Coult,Male,6 Pine View Way
ST0008,Royce Bride,Male,70 Pankratz Plaza
ST0009,Herman Hughland,Male,207 Bellgrove Hill
ST0010,Wilone Remer,Female,1108 Veith Parkway
ST0011,Shandeigh Laneham,Female,02539 Armistice Center
ST0012,Margy Ibberson,Female,95 Corscot Street
ST0013,Andres Vasyaev,Male,13910 Magdeline Circle
ST0014,Marchall Studdal,Male,4 Tennessee Pass
ST0015,Sondra Andrichuk,Female,93 Ramsey Road
ST0016,Wilmar Orred,Male,84 Kings Hill
ST0017,Gabriell Shrieve,Female,50323 School Place
ST0018,Arlie Kubin,Female,6135 Goodland Drive
ST0019,Ivette Ditchburn,Female,17 Forest Dale Center
ST0020,Hazel Darey,Male,9423 Mitchell Street
ST0021,Skylar Manneville,Male,5 Coleman Hill
ST0022,Flemming Giggie,Male,0 Park Meadow Street
ST0023,Koressa Dunnico,Female,261 Buena Vista Hill
ST0024,Devland Bawle,Male,45 Union Place
ST0025,Chrotoem Plait,Male,79630 Claremont Street
ST0026,Jefferson Ricardet,Male,4 Redwing Avenue
ST0027,Ray Ruff,Male,02867 Lake View Place
ST0028,Stanleigh Grimwade,Male,5990 Sundown Point
ST0029,Gerrard Huard,Male,9 Hoard Lane
ST0030,Darline Powles,Female,4382 Elgar Terrace
ST0031,Berri Hamstead,Female,65813 Mosinee Way
ST0032,Caprice Johnsson,Female,95157 Iowa Place
ST0033,Lanita Loy,Female,17 Quincy Alley
ST0034,Zuzana Tallboy,Female,1484 8th Avenue
ST0035,Florenza Ferriere,Female,92 Rusk Way
ST0036,Ina Gillow,Female,1306 Wayridge Road
ST0037,Norrie MacPeice,Male,6 Stephen Circle
ST0038,Amanda Edgworth,Female,6 1st Lane
ST0039,Jobina Tynan,Female,97225 Porter Park
ST0040,Alena Torritti,Female,6 Red Cloud Center
ST0041,Inez Clemot,Female,8909 Browning Circle
ST0042,Salaidh Fay,Female,9797 Moulton Avenue
ST0043,Wileen McSherry,Female,88 Service Park
ST0044,Skell Rame,Male,1 Main Crossing
ST0045,Myles Flockhart,Male,7 Warner Avenue
ST0046,Myrtice Yarn,Female,00393 Blackbird Alley
ST0047,Angela Gyrgorcewicx,Female,9 Forest Dale Road
ST0048,Denni Mainstone,Female,913 Holmberg Point
ST0049,Reggie Grigoryov,Male,1715 Packers Circle
ST0050,Bunni Lowmass,Female,30692 Clemons Junction
ST0051,Sibylla Ostick,Female,97 Marcy Hill
ST0052,Philippine Josefowicz,Female,4 Montana Point
ST0053,Lorne McPake,Male,448 Meadow Valley Center
ST0054,Keefer Youll,Male,1 Grover Parkway
ST0055,Marven Meacher,Male,49 Hanover Place
ST0056,Murdoch Dunkirk,Male,54114 Sage Park
ST0057,Thebault Mulberry,Male,5 Eagle Crest Parkway
ST0058,Fae Senchenko,Female,2 Michigan Crossing
ST0059,Kaela Beartup,Female,167 Vidon Crossing
ST0060,Sauveur Mumford,Male,31 Arkansas Hill
ST0061,Zedekiah Wiggins,Male,77 Sycamore Terrace
ST0062,Cristine Gomez,Female,27 Towne Pass
ST0063,Danita Hitscher,Female,24 Bunting Drive
ST0064,Pepito Leffek,Male,928 Texas Terrace
ST0065,Dewey Beaston,Male,0441 Paget Way
ST0066,Joleen MacNalley,Female,091 Aberg Way
ST0067,Paxton Dalwood,Male,80 Ohio Place
ST0068,Hobart Palomba,Male,9024 Crest Line Point
ST0069,Fanchon Cucuzza,Female,4290 La Follette Drive
ST0070,Berkie Drivers,Male,9732 Judy Hill
ST0071,Kareem Perigo,Male,876 Little Fleur Lane
ST0072,Del Johansen,Male,035 Schmedeman Road
ST0073,Wilmer Le Marchand,Male,9066 Loeprich Parkway
ST0074,Corena Ramet,Female,93 Village Green Drive
ST0075,Kirby Guerri,Male,15817 Bartillon Terrace
ST0076,Hogan Charon,Male,5763 Evergreen Avenue
ST0077,Patty Villa,Female,579 Union Parkway
ST0078,Tamar Newcomb,Female,75 Doe Crossing Place
ST0079,Igor Scurfield,Male,833 Northridge Pass
ST0080,Broddie Spenley,Male,3111 Pleasure Hill
ST0081,Yale Pigeon,Male,24 Commercial Road
ST0082,Rebe Tansly,Female,7708 Elmside Place
ST0083,Wyatan Inglesent,Male,2 Lawn Park
ST0084,Auberon McGeachie,Male,62909 Mallard Street
ST0085,Randie Berlin,Male,47720 Canary Crossing
ST0086,Ethelind McMeanma,Female,6 Scofield Road
ST0087,Minta Matteotti,Female,7 Killdeer Point
ST0088,Sher Oels,Female,1 8th Way
ST0089,Esra Water,Male,8 Barnett Road
ST0090,Erminie Alforde,Female,2 Londonderry Avenue
ST0091,Dael Fatkin,Male,9691 Onsgard Avenue
ST0092,Karlotte Cuncliffe,Female,6 Harbort Park
ST0093,Tremain Rix,Male,41082 Clarendon Place
ST0094,Edward Wink,Male,88238 Blaine Drive
ST0095,Norah Miklem,Female,2240 Truax Drive
ST0096,Jacqueline Boswood,Female,209 Utah Avenue
ST0097,Gwenette Timmis,Female,39 Burrows Alley
ST0098,Artus Witt,Male,301 Hooker Crossing
ST0099,Kelley Trenholm,Female,89058 Delladonna Park
ST0100,Stacey Meekings,Female,0 Melrose Street
ST0101,Hedwiga Lazenbury,Female,974 Schmedeman Place
ST0102,Mack Hay,Male,9123 Moulton Crossing
ST0103,Woody Tolomei,Male,8 Roxbury Road
ST0104,Erin Winsper,Male,5346 Scofield Center
ST0105,Jacklyn Cowherd,Female,8 Parkside Alley
ST0106,Mallory Spellsworth,Male,02 Bellgrove Trail
ST0107,Sydelle Cholomin,Female,8770 Comanche Lane
ST0108,Carlynn Scambler,Female,623 4th Center
ST0109,Garner Beernt,Male,701 Hanson Trail
ST0110,Krissy McCormick,Female,186 Arapahoe Trail
ST0111,Indira Veck,Female,4 2nd Parkway
ST0112,Fianna Yakovlev,Female,4 Bartillon Park
ST0113,Ken Coneybeer,Male,902 Bluestem Point
ST0114,Wally Zohrer,Male,24 Oakridge Alley
ST0115,Worth Berre,Male,59 Graedel Hill
ST0116,Felice Narramore,Female,827 Forest Run Crossing
ST0117,Che Cammocke,Male,0 Melvin Park
ST0118,Norah Bentz,Female,496 John Wall Court
ST0119,Zita Killingworth,Female,20977 Melby Hill
ST0120,Tom Limbrick,Male,94151 Darwin Point
ST0121,Claribel Marcombe,Female,7686 Delaware Road
ST0122,Willard Reading,Male,01918 American Avenue
ST0123,Frasco Caghy,Male,3 Elmside Avenue
ST0124,Alix Clardge,Female,851 Wayridge Crossing
ST0125,Christiano Morston,Male,7 Rusk Pass
ST0126,Cristie Bausmann,Female,22 Beilfuss Parkway
ST0127,Ritchie Dubock,Male,98 Bashford Drive
ST0128,Lorrin Riseborough,Female,43 Hoard Crossing
ST0129,Timothee Nolli,Male,46357 International Trail
ST0130,Hestia Stapels,Female,9462 Mayer Point
ST0131,Noel Bredes,Female,2722 Sheridan Street
ST0132,Glennis Stede,Female,71 Prairieview Way
ST0133,Stacia Beddo,Female,5991 Browning Alley
ST0134,Gaye O Haire,Female,41616 Schiller Circle
ST0135,Waring Dobbing,Male,7 Arrowood Pass
ST0136,Stevana Lambole,Female,950 Pepper Wood Circle
ST0137,Rutledge Detheridge,Male,88 Sage Alley
ST0138,Emilie Embleton,Female,9 New Castle Center
ST0139,Gretel Van Dale,Female,74 Towne Road
ST0140,Gayleen Gilpin,Female,2480 Brentwood Alley
ST0141,Ellette Ebenezer,Female,1585 Rutledge Road
ST0142,Eli Neylon,Male,1 Fremont Junction
ST0143,Gerti Gaskoin,Female,2040 Clemons Center
ST0144,Calvin Bruun,Male,0 Lien Alley
ST0145,Clea Gherardini,Female,6 Glacier Hill Pass
ST0146,Melisa Lockton,Female,6051 Maywood Pass
ST0147,Farlay Gripton,Male,542 Lindbergh Drive
ST0148,Link Durno,Male,868 Trailsway Drive
ST0149,Tristam Chippin,Male,20 Sheridan Park
ST0150,Jasmina Mogie,Female,4809 Roth Alley
ST0151,Simmonds Doll,Male,4 Graceland Point
ST0152,Luciano Kingdom,Male,49 Dakota Drive
ST0153,Gabbie Jacks,Male,27 Ridge Oak Terrace
ST0154,Archibold Antonognoli,Male,45191 Killdeer Street
ST0155,Ashla Tolchar,Female,995 Little Fleur Lane
ST0156,Devon Madge,Female,754 Drewry Pass
ST0157,Chloette Deakan,Female,17766 Ilene Pass
ST0158,Sara Aloshechkin,Female,57 Chinook Avenue
ST0159,Holly Bowkley,Female,9 Raven Trail
ST0160,Lorne Deakan,Male,03 Summerview Parkway
ST0161,Beverley Brokenbrow,Female,78497 Hansons Lane
ST0162,Casar Batkin,Male,9 Autumn Leaf Alley
ST0163,Hermia Offiler,Female,3 Meadow Valley Center
ST0164,Niki Bantham,Male,2 Knutson Street
ST0165,Mady Vasiliu,Female,0390 5th Circle
ST0166,Isis Edmenson,Female,48303 Farwell Street
ST0167,Franky Marcinkus,Male,0788 Cardinal Drive
ST0168,Mac Rackam,Male,6 Charing Cross Crossing
ST0169,Darsie Meijer,Female,9 Marquette Plaza
ST0170,Lothaire Shallcroff,Male,0 Dovetail Road
ST0171,Selle Kunrad,Female,0730 Anthes Court
ST0172,Consalve Greve,Male,8 Lakewood Avenue
ST0173,Etta Plitz,Female,0601 Schmedeman Point
ST0174,Karney Scargle,Male,7 Jana Crossing
ST0175,Dorena Pert,Female,136 Florence Street
ST0176,Julian Winfield,Male,02 Lakewood Gardens Circle
ST0177,Martelle Rawkesby,Female,88720 Little Fleur Circle
ST0178,Charmane Boothby,Female,02808 Butterfield Avenue
ST0179,Shannon Wiburn,Male,7 Killdeer Circle
ST0180,Enrica Parsell,Female,25 Blue Bill Park Terrace
ST0181,Andre Mcsarry,Male,648 Di Loreto Crossing
ST0182,Brian Gillhespy,Male,0065 Hollow Ridge Point
ST0183,Sibbie Lassells,Female,4 Chive Parkway
ST0184,Jecho Grigoroni,Male,6948 Myrtle Pass
ST0185,Ainslie Frances,Female,53057 Sunbrook Avenue
ST0186,Cozmo Blasius,Male,894 Miller Point
ST0187,Mickey Ianitti,Male,96146 Cody Trail
ST0188,Tybalt Devlin,Male,3 Badeau Hill
ST0189,Shelden Stadden,Male,0 Bluestem Circle
ST0190,Tammie Freddi,Female,001 Harbort Drive
ST0191,Angie Hammill,Female,606 Old Shore Center
ST0192,Vera Girdler,Female,380 Dawn Crossing
ST0193,Abey Litton,Male,174 Lindbergh Junction
ST0194,Griswold Macknish,Male,9 Prairieview Center
ST0195,Glendon Cuningham,Male,4964 Arkansas Lane
ST0196,Alfy Antognetti,Male,45 Village Green Pass
ST0197,Jennica Gong,Female,8 Northfield Way
ST0198,Thorn Gegg,Male,5101 Banding Street
ST0199,Monte Steely,Male,8 Tennyson Pass
ST0200,Chev Veasey,Male,011 Charing Cross Parkway
ST0201,Laure Mahaddy,Female,49 Union Alley
ST0202,Irwin Ryott,Male,05 Cordelia Crossing
ST0203,Legra Sandwich,Female,90221 Thierer Drive
ST0204,Ariella Molloy,Female,756 Moose Road
ST0205,Briny Giacovazzo,Female,1973 Gateway Avenue
ST0206,Konstantine Creeber,Male,316 Kings Way
ST0207,Novelia Vigors,Female,461 Bellgrove Parkway
ST0208,Denney Oloman,Male,4870 Harbort Hill
ST0209,Randy Galfour,Female,84 Lerdahl Lane
ST0210,Clarence O Dyvoie,Male,65 Novick Alley
ST0211,Drugi McManamen,Male,821 Daystar Drive
ST0212,Karlis Lowre,Male,34028 Moose Center
ST0213,Maryellen Slateford,Female,4 Pine View Center
ST0214,Elbertine Dauney,Female,82754 Banding Terrace
ST0215,Dominique Othen,Female,60599 Brown Point
ST0216,Aila Canner,Female,07567 Marquette Trail
ST0217,Jade Gates,Female,1 Lake View Way
ST0218,Fredrick Camacke,Male,3 Welch Junction
ST0219,Mar Vasyukhin,Male,4123 West Lane
ST0220,Alden Jowers,Male,36500 Nelson Hill
ST0221,Dallon De Simoni,Male,9182 Glendale Center
ST0222,Lenore Glayzer,Female,01137 Brown Avenue
ST0223,Chancey Mustchin,Male,115 Grim Trail
ST0224,Ranna Osan,Female,7869 4th Way
ST0225,Fredrick Aloshechkin,Male,44 Grasskamp Crossing
ST0226,Clim Skerman,Male,9897 Heath Terrace
ST0227,Frieda Irons,Female,9 Knutson Avenue
ST0228,Winifield Niblock,Male,6 Continental Junction
ST0229,Horatio Streatfield,Male,8 Hooker Terrace
ST0230,Emmery Edie,Male,80994 Pierstorff Circle
ST0231,Edithe Snowding,Female,05 Ridgeway Trail
ST0232,Minni Dooher,Female,0 Washington Terrace
ST0233,Coletta Rapo,Female,6392 Declaration Terrace
ST0234,Britt Arkcoll,Female,1223 Sunfield Parkway
ST0235,Paige Gheeraert,Female,990 Oriole Point
ST0236,Dominick Pauletto,Male,1728 Dottie Street
ST0237,Terrel Paybody,Male,70662 Hazelcrest Terrace
ST0238,Vaclav Mountfort,Male,3 Knutson Street
ST0239,Tabbitha Weinham,Female,700 Fordem Lane
ST0240,Rebbecca Hansill,Female,33177 Schmedeman Road
ST0241,Carree Vials,Female,508 Sundown Plaza
ST0242,Amalle Bonafacino,Female,943 Pennsylvania Terrace
ST0243,Mollee Lyster,Female,6990 Becker Crossing
ST0244,Reuven Fumagallo,Male,08 Pankratz Court
ST0245,Gwenneth Spring,Female,50 Longview Alley
ST0246,Ashlen Fellis,Female,116 Hollow Ridge Hill
ST0247,Von Ambrogetti,Male,125 Marquette Point
ST0248,Darbee O Flaherty,Male,694 Sachtjen Parkway
ST0249,Laureen Firmager,Female,96 Heath Circle
ST0250,Grete Westmacott,Female,655 Browning Drive
ST0251,Jeffry Writtle,Male,72 Division Center
ST0252,Neilla Swettenham,Female,60 Starling Center
ST0253,Malynda Shortland,Female,55 Sommers Center
ST0254,Claudine Ellam,Female,5205 Amoth Parkway
ST0255,Reginald Meriel,Male,28 Harper Park
ST0256,Gustavus Poulsom,Male,55 Fremont Trail
ST0257,Mead Zorro,Female,3 Pawling Trail
ST0258,Lukas Siley,Male,20 Vermont Circle
ST0259,Linell Sutherby,Female,70291 Briar Crest Road
ST0260,Hendrik Willcot,Male,8 Kings Drive
ST0261,Laverne Yitzowitz,Female,3 Huxley Lane
ST0262,Francklyn Gresswood,Male,4868 Tennessee Junction
ST0263,Brock Carlton,Male,8 Forest Center
ST0264,Nestor Stringfellow,Male,60 Rieder Circle
ST0265,Cynde McCrisken,Female,20211 Westend Plaza
ST0266,Jaquith Coneybeare,Female,75925 Arapahoe Center
ST0267,Madelene Lockhead,Female,11 Manitowish Lane
ST0268,Yevette Filyaev,Female,721 Lukken Lane
ST0269,Derry Crayden,Male,8 Carioca Hill
ST0270,Herta Snar,Female,490 Coleman Park
ST0271,Sybyl Perelli,Female,9976 Jackson Parkway
ST0272,Calley Mark,Female,79 Dahle Avenue
ST0273,Babita Petruszka,Female,209 Melrose Street
ST0274,Fey de Copeman,Female,6 Union Center
ST0275,Irwinn Rouke,Male,5 Red Cloud Point
ST0276,Theodoric Vautin,Male,46 Mesta Parkway
ST0277,Teddie Tame,Male,73 Crowley Terrace
ST0278,Tersina Pettigree,Female,689 Harbort Court
ST0279,Orton Tiller,Male,165 Becker Point
ST0280,Guillermo Sherrocks,Male,3 High Crossing Point
ST0281,Dulcie Boocock,Female,7 Dakota Street
ST0282,Alta Rhubottom,Female,6459 Johnson Hill
ST0283,Giacinta Attlee,Female,63058 Dunning Crossing
ST0284,Katy Plessing,Female,045 Lerdahl Circle
ST0285,Preston Whatsize,Male,2765 Kinsman Junction
ST0286,Warde Braybrook,Male,9599 Thackeray Parkway
ST0287,Vilhelmina Gartenfeld,Female,4 Hoepker Court
ST0288,Phillipe Pill,Male,6 Golf Avenue
ST0289,Porty Allinson,Male,82750 Melby Way
ST0290,Teresita Selvey,Female,98 Jay Way
ST0291,Sabra Sellen,Female,2910 Utah Circle
ST0292,Lewes Jenking,Male,49 Lawn Parkway
ST0293,Dulcinea Soigne,Female,19 Carioca Park
ST0294,Felizio Lorand,Male,11 Hanson Alley
ST0295,Vinnie Cohani,Female,77473 Caliangt Road
ST0296,Olive Matousek,Female,6 Jenna Terrace
ST0297,Yoko Hegel,Female,07 Tennessee Drive
ST0298,Simeon Keslake,Male,518 Holy Cross Drive
ST0299,Colline Sore,Female,15924 Stephen Circle
ST0300,Jessika Ambrozewicz,Female,35646 Miller Plaza
ST0301,Horatio Crolla,Male,70 Almo Way
ST0302,Lewes Quinsee,Male,4 Maywood Road
ST0303,Vance Grote,Male,45 Calypso Place
ST0304,Bryant Durant,Male,96 Green Ridge Park
ST0305,Jolene Conway,Female,9952 Crowley Place
ST0306,Stern Garrish,Male,9145 Hintze Point
ST0307,Coretta Fortescue,Female,1274 Portage Point
ST0308,Josee O  Hanvey,Female,49048 Derek Court
ST0309,Kaile Hathwood,Female,95 Karstens Drive
ST0310,Kaine Deer,Male,45826 Merrick Lane
ST0311,Hana Abercromby,Female,48890 Anzinger Place
ST0312,Frankie Piers,Male,93 Park Meadow Place
ST0313,Farris Gartell,Male,14951 Mockingbird Crossing
ST0314,Allyn Borgnol,Female,938 Blackbird Hill
ST0315,Flem Elener,Male,3 Emmet Court
ST0316,Deni Handrock,Female,05119 Nobel Place
ST0317,Thalia Callaghan,Female,247 Hintze Pass
ST0318,Betti Dobell,Female,42230 Dovetail Center
ST0319,Zacharias Ingree,Male,91 Havey Trail
ST0320,Evonne Bristowe,Female,4 Miller Road
ST0321,Eric Ivankovic,Male,2926 Ilene Plaza
ST0322,Weylin Oak,Male,0 Fuller Point
ST0323,Florella Yesinin,Female,9269 Commercial Hill
ST0324,Arabella Crummie,Female,471 Maple Wood Trail
ST0325,Arvin Andriveau,Male,05 Mallory Lane
ST0326,Erny Beccles,Male,1954 Tennyson Park
ST0327,Adrian Densell,Male,1 Almo Alley
ST0328,Zelig Rozea,Male,005 Sachs Road
ST0329,Ruddie Finlayson,Male,3 Melvin Junction
ST0330,Yorgo Phalp,Male,00225 Crest Line Lane
ST0331,Felecia Matula,Female,78 4th Crossing
ST0332,Gardy Thorne,Male,834 Eagan Center
ST0333,Antonio Kyndred,Male,60102 Northridge Avenue
ST0334,Zaneta Rein,Female,32242 Roxbury Drive
ST0335,Pandora Hutchinson,Female,150 Stang Way
ST0336,Magda Gabbat,Female,72204 Corry Lane
ST0337,Isis MacNeilage,Female,34818 Maryland Court
ST0338,Jenifer Trimby,Female,492 Forest Dale Circle
ST0339,Kristyn O Devey,Female,88221 Superior Parkway
ST0340,Chery MacAllan,Female,43 Gulseth Place
ST0341,Delphine Heisler,Female,1572 Pennsylvania Drive
ST0342,Rodolphe Giggie,Male,831 Daystar Plaza
ST0343,Elvira Christophle,Female,86806 Pearson Way
ST0344,Jed Swendell,Male,22 Farragut Pass
ST0345,Ulric Daens,Male,81 Hansons Trail
ST0346,Clarissa Akaster,Female,25629 Quincy Park
ST0347,Saundra Fruchter,Male,2811 Northport Junction
ST0348,Trevor Canelas,Male,03 Delaware Avenue
ST0349,Robbyn Dhennin,Female,7 Rieder Park
ST0350,Desdemona McCourt,Female,54042 Debs Crossing
ST0351,Forest Mathwin,Male,47 Northport Park
ST0352,Holly Sterley,Male,05270 Portage Alley
ST0353,Ebonee McNiff,Female,34260 Grayhawk Circle
ST0354,Zollie Sisnett,Male,10 Calypso Court
ST0355,Vinson Tedder,Male,59 Rowland Lane
ST0356,Barnabas Burgis,Male,7 Ruskin Street
ST0357,Jaquelyn Szubert,Female,7055 Boyd Hill
ST0358,Sergeant Barhims,Male,066 Cambridge Road
ST0359,Marchelle Charlwood,Female,62 Old Gate Center
ST0360,Gordan Nortunen,Male,1 Dahle Pass
ST0361,Joachim Chasmar,Male,06024 Namekagon Park
ST0362,Baldwin Silvester,Male,982 Menomonie Terrace
ST0363,Nicolai Hamelyn,Male,3623 Twin Pines Terrace
ST0364,Obed Greenly,Male,75445 Grim Junction
ST0365,Roger Kalkofen,Male,4494 Mandrake Street
ST0366,Fredek Fonzone,Male,5088 Ridgeview Parkway
ST0367,Happy Kobsch,Female,0007 Melrose Alley
ST0368,Reed Petofi,Male,52 Veith Terrace
ST0369,Lorenza Fernanando,Female,04684 Lotheville Pass
ST0370,Tess Simmins,Female,9036 Hoard Trail
ST0371,Heddi Pulford,Female,441 Hagan Hill
ST0372,Morten Crosdill,Male,04 Graedel Drive
ST0373,Elyssa Lainton,Female,475 2nd Street
ST0374,Selby Colqueran,Male,81692 Lukken Plaza
ST0375,Katinka Nielson,Female,57 Londonderry Crossing
ST0376,Si MacGinley,Male,29829 Pleasure Hill
ST0377,Caresse Longcake,Female,86059 Commercial Junction
ST0378,Leandra Ebbotts,Female,21 Mifflin Avenue
ST0379,Drucy Ivanov,Female,41 3rd Park
ST0380,Marshall Morehall,Male,39920 Jackson Junction
ST0381,Thurstan Hyrons,Male,235 Cardinal Center
ST0382,Adrianne Ebbings,Female,02237 Arapahoe Center
ST0383,Lynn Pervoe,Male,5 Sauthoff Terrace
ST0384,Veradis Rowbury,Female,211 Bobwhite Plaza
ST0385,Corey Cuell,Male,184 Mesta Point
ST0386,Mac Willerstone,Male,2 Dixon Drive
ST0387,Dorothy Arpino,Female,27 Meadow Valley Park
ST0388,Shoshanna Westfalen,Female,587 Pine View Crossing
ST0389,Leann Ferre,Female,1 Chinook Place
ST0390,Adrien Rosekilly,Male,0 Steensland Road
ST0391,Gordon Byrcher,Male,75487 Sauthoff Junction
ST0392,Terri-jo Woltman,Female,8 Kensington Junction
ST0393,Gradeigh Davion,Male,45 Marcy Street
ST0394,Marylou Gimson,Female,6075 Saint Paul Lane
ST0395,Jackson McGennis,Male,0 Artisan Road
ST0396,Floyd Mitchell,Male,83 Hansons Road
ST0397,Neale Chrispin,Male,93 Declaration Park
ST0398,Dennet Lodevick,Male,694 Pierstorff Center
ST0399,Marlyn Blachford,Female,081 Valley Edge Hill
ST0400,Brod Guirard,Male,98 Doe Crossing Junction
ST0401,Sawyere Rubke,Male,529 3rd Trail
ST0402,Gardy Ambrogioli,Male,678 Vermont Hill
ST0403,Theodosia Gransden,Female,02 Hoffman Point
ST0404,Gael Normavell,Male,2008 Ilene Alley
ST0405,Elsworth Caskey,Male,6897 Sherman Plaza
ST0406,Luz Wasylkiewicz,Female,7120 Hovde Drive
ST0407,Westley Seson,Male,6 Graedel Center
ST0408,Muhammad Simonnet,Male,14390 Maywood Plaza
ST0409,Ashlie Van Der Weedenburg,Female,633 Sage Drive
ST0410,Cameron Iddons,Male,034 High Crossing Place
ST0411,Elvis Sancho,Male,6843 Pierstorff Circle
ST0412,Reiko Schout,Female,870 Fairview Avenue
ST0413,Bail Bassick,Male,4736 Moose Trail
ST0414,Benedikt Guerrero,Male,312 John Wall Park
ST0415,Damon Jiran,Male,6626 Grover Way
ST0416,Fidole Alenichev,Male,48286 Vahlen Hill
ST0417,Elmo Josef,Male,975 Derek Road
ST0418,Grannie Mugridge,Male,0638 Bultman Street
ST0419,Charlot MacAlister,Female,5547 Pearson Circle
ST0420,Sydel Middiff,Female,43456 Bay Lane
ST0421,Alfie Sansam,Female,9533 Bartelt Circle
ST0422,Joete Tretwell,Female,8368 Blue Bill Park Drive
ST0423,Jacques Childerhouse,Male,49 Hintze Hill
ST0424,Jacklin de Quesne,Female,590 Gateway Court
ST0425,Hieronymus Otley,Male,3 Sunbrook Crossing
ST0426,Harcourt MacAvddy,Male,759 Prentice Alley
ST0427,Lexy Powelee,Female,0 Declaration Drive
ST0428,Trish Wardlow,Female,6438 Prentice Drive
ST0429,Ricca Rostron,Female,920 Lunder Center
ST0430,Hieronymus Housegoe,Male,82635 Little Fleur Circle
ST0431,Ulberto Scamadine,Male,4 Charing Cross Road
ST0432,Teodor Croxall,Male,6718 Algoma Alley
ST0433,Linda Gwilt,Female,50672 Manley Trail
ST0434,Hermy Chin,Male,21 Montana Court
ST0435,Hartley De Filippo,Male,9201 Division Park
ST0436,Anne-marie Duggon,Female,5 Independence Pass
ST0437,Korella Jenyns,Female,286 Riverside Street
ST0438,Eddy Vaggs,Male,80 Utah Court
ST0439,Charyl Ivy,Female,76483 Schurz Pass
ST0440,Bunni Plessing,Female,1827 Corscot Street
ST0441,Essa Saill,Female,70722 Katie Street
ST0442,Bail Cadagan,Male,36337 Dovetail Center
ST0443,Hertha Doel,Female,80 Darwin Circle
ST0444,Arthur Fishbourn,Male,83 Armistice Way
ST0445,Marlena Henrichsen,Female,9 Oak Valley Way
ST0446,Mahmoud Swinyard,Male,950 Lawn Street
ST0447,Prince Charrier,Male,0 Dapin Alley
ST0448,Griffith Derrell,Male,5 Village Green Point
ST0449,Salim Mille,Male,714 Meadow Vale Circle
ST0450,Adair Povah,Male,7 Forest Avenue
ST0451,Tedman Benka,Male,4705 Buena Vista Trail
ST0452,Gareth Maraga,Male,6289 Porter Lane
ST0453,Johannah Cleaton,Female,4 Summit Place
ST0454,Danila Jacquot,Female,14 Barby Drive
ST0455,Briny Layus,Female,1710 Tomscot Court
ST0456,Farand Grishanov,Female,498 Center Way
ST0457,Joete Andreini,Female,74044 Anderson Park
ST0458,Torry Robart,Male,553 Victoria Road
ST0459,Giffie Ormesher,Male,269 Stone Corner Drive
ST0460,Gilli Normanvill,Female,69263 Troy Avenue
ST0461,Perla Balsellie,Female,1372 Red Cloud Drive
ST0462,Liz Hugues,Female,594 Warner Circle
ST0463,Irma Mingardi,Female,06916 Laurel Plaza
ST0464,Jack de Keep,Male,09146 Mosinee Road
ST0465,Dill Girtin,Male,42817 Scoville Hill
ST0466,Alastair Warn,Male,66 Buell Parkway
ST0467,Minerva Tierny,Female,27279 Declaration Trail
ST0468,Jacquelyn Gytesham,Female,1934 Nova Park
ST0469,Constancia Carwithim,Female,438 Morningstar Way
ST0470,Troy MacNaughton,Male,98 Daystar Trail
ST0471,Shurwood Vivash,Male,95 Esker Trail
ST0472,Gennifer Marushak,Female,48 Lerdahl Terrace
ST0473,Lizette Rippen,Female,879 Hollow Ridge Hill
ST0474,Erin Snipe,Male,9 Oakridge Crossing
ST0475,Karlee Botley,Female,697 Canary Drive
ST0476,Olva Swyre,Female,7 Welch Junction
ST0477,Noel Bolsteridge,Female,33 Colorado Plaza
ST0478,Trueman Tallach,Male,91 Bobwhite Point
ST0479,Timmi Tiuit,Female,1 Loomis Pass
ST0480,Grenville Jeandot,Male,549 Morning Trail
ST0481,Gardener Sawley,Male,5936 Kedzie Way
ST0482,Palmer Southerns,Male,367 Miller Drive
ST0483,Kellen Melluish,Male,05 Buhler Court
ST0484,Micah Fomichkin,Male,6010 Jenifer Alley
ST0485,Madison Roze,Male,26123 Chive Junction
ST0486,Ruggiero Segrott,Male,828 Mcguire Point
ST0487,Theadora Semmens,Female,979 Sugar Center
ST0488,Galen Rewan,Male,079 Schmedeman Circle
ST0489,Adrianne Chevolleau,Female,61942 Cordelia Park
ST0490,Ariella Jays,Female,26 Swallow Center
ST0491,Bethanne Chanders,Female,666 Londonderry Plaza
ST0492,Brod Godson,Male,7325 Gateway Court
ST0493,Shep Arndell,Male,24127 Esker Pass
ST0494,Byrle Minton,Male,4 Mosinee Circle
ST0495,Rriocard Rathbone,Male,443 Knutson Center
ST0496,Larina Thickin,Female,025 Dayton Circle
ST0497,Mariam Giff,Female,544 Kenwood Crossing
ST0498,Hamish MacClure,Male,6414 Northport Lane
ST0499,Annabelle Pietrusiak,Female,495 Sage Park
ST0500,Cristian Rutigliano,Male,422 Fair Oaks Terrace
ST0501,Conrad Vigneron,Male,8250 Rowland Junction
ST0502,Sebastian Calderon,Male,00680 Pawling Drive
ST0503,Bree Gye,Female,2953 Jay Pass
ST0504,Robbie Capstack,Male,1 Chive Pass
ST0505,Doll Cousin,Female,4130 Walton Terrace
ST0506,Jeanne MacAllester,Female,7140 New Castle Park
ST0507,Martica Hugk,Female,9 Toban Point
ST0508,Giuseppe Roycraft,Male,14376 Lakewood Hill
ST0509,Ewart Padkin,Male,81 Kedzie Alley
ST0510,Ruthanne Kilby,Female,456 Grover Point
ST0511,Kate Tice,Female,13 Green Ridge Point
ST0512,Yoshiko Matsell,Female,6016 Tomscot Lane
ST0513,Krystyna Chander,Female,846 Spohn Place
ST0514,Herbie Dessant,Male,16099 Buena Vista Point
ST0515,Freddy Kid,Male,80 Reindahl Center
ST0516,Willy Maynell,Female,6 Toban Crossing
ST0517,Huntlee Oldershaw,Male,9 Pankratz Junction
ST0518,Cyril Barnwille,Male,198 Thackeray Way
ST0519,Helen Pietzner,Female,63290 Buhler Terrace
ST0520,Craggy Grieves,Male,78 Red Cloud Center
ST0521,Laurie Weir,Male,4405 Duke Drive
ST0522,Lissy Splain,Female,25506 Petterle Crossing
ST0523,Pinchas Kroin,Male,4944 Cottonwood Way
ST0524,Eolande Dadge,Female,83024 Canary Lane
ST0525,Minna Wenderott,Female,850 Derek Plaza
ST0526,Giselle Parell,Female,8 Starling Place
ST0527,Raoul Ronaghan,Male,146 Crescent Oaks Avenue
ST0528,Jewell MacAndrew,Female,5381 Grayhawk Place
ST0529,Roxy Orfeur,Female,260 John Wall Avenue
ST0530,Pate Ludron,Male,3158 Paget Trail
ST0531,Creigh Hunte,Male,88 Village Green Crossing
ST0532,Carlota Acedo,Female,1296 Autumn Leaf Way
ST0533,Craig Woodwind,Male,0 Londonderry Park
ST0534,Casie Cubley,Female,1305 Nova Road
ST0535,Teddy Propper,Male,56753 Schiller Crossing
ST0536,Caryl Wakeman,Female,3740 Holy Cross Point
ST0537,Bobby Aizic,Male,7468 Jay Crossing
ST0538,Neil Manthroppe,Male,05 Moland Park
ST0539,Salomon Dorian,Male,85 Hanson Way
ST0540,Sonia Eastlake,Female,045 Prairie Rose Hill
ST0541,Raphael Normanville,Male,8 Utah Avenue
ST0542,Stanford Broady,Male,7811 Little Fleur Trail
ST0543,Zena Hugk,Female,3 Sunbrook Junction
ST0544,Marabel Gotthard.sf,Female,98287 Brentwood Lane
ST0545,Redford Whiterod,Male,6041 Annamark Park
ST0546,Nestor Rands,Male,81936 Fordem Circle
ST0547,Nappie Carslaw,Male,31265 Carpenter Point
ST0548,Pauly Scholl,Male,62506 Prairieview Circle
ST0549,Malinda Baldazzi,Female,6217 South Way
ST0550,Claudetta Demangeon,Female,4339 Sunnyside Crossing
ST0551,Sydney Feronet,Female,1524 Golf Center
ST0552,Bartie Perrington,Male,14 Eastlawn Circle
ST0553,Janifer MacDermand,Female,50269 Ridge Oak Way
ST0554,Harley Fearon,Female,5401 Warner Terrace
ST0555,Kassey Heazel,Female,9276 Elmside Junction
ST0556,Quintana Melburg,Female,9 Lakeland Terrace
ST0557,Jillian Baily,Female,71 Mosinee Avenue
ST0558,Dottie Ilymanov,Female,24100 Westport Road
ST0559,Barney aManger,Male,4 Twin Pines Court
ST0560,Thorny Raspel,Male,057 School Junction
ST0561,Elli Millhouse,Female,75 Heffernan Lane
ST0562,Chery Monni,Female,82 4th Trail
ST0563,Kale Barense,Male,16809 1st Pass
ST0564,Nickie McQuie,Female,7572 2nd Circle
ST0565,Elvina Sabatini,Female,07 Farragut Hill
ST0566,Luciano Fearnyough,Male,4 Ridgeview Way
ST0567,Cam Minifie,Male,8452 Maywood Junction
ST0568,Araldo McIlraith,Male,43 Spohn Park
ST0569,Dagmar Dunkinson,Female,527 Grover Center
ST0570,Hinda Yakovliv,Female,8 Lunder Center
ST0571,Rudolph Dubs,Male,1 Moland Hill
ST0572,Arlie Geertje,Female,1675 Jenna Drive
ST0573,Jackson Bridat,Male,629 Ludington Avenue
ST0574,Henryetta Jolley,Female,88542 4th Hill
ST0575,Aylmar Petrina,Male,05656 Algoma Terrace
ST0576,Leone Rooze,Female,4 Barby Crossing
ST0577,Tabatha Insoll,Female,19924 Park Meadow Crossing
ST0578,Beckie Scotchford,Female,0727 School Hill
ST0579,Karalynn Chiverton,Female,8 Kropf Street
ST0580,Obidiah D Arrigo,Male,5 Ridgeview Junction
ST0581,Kara-lynn Brosh,Female,1 Bonner Alley
ST0582,Selene Irnis,Female,8405 Bay Street
ST0583,Ford Rowswell,Male,0086 Banding Pass
ST0584,Nelli Wheelan,Female,8 Clemons Crossing
ST0585,Terrell Stephens,Male,07615 Main Way
ST0586,Toddy Rosencrantz,Male,598 Superior Avenue
ST0587,Dick Sweetenham,Male,9 Cherokee Terrace
ST0588,Town Gibbs,Male,788 Pearson Street
ST0589,Lindsy Durston,Female,13 Troy Street
ST0590,Conn Bryceson,Male,7 Schurz Point
ST0591,Aurore Gateland,Female,9428 Eliot Center
ST0592,Jerrie Cordet,Female,8018 Calypso Court
ST0593,Somerset Dineen,Male,6 Lien Place
ST0594,Mirabel Argent,Female,8 Mosinee Point
ST0595,Aurlie Jenking,Female,4 Bonner Alley
ST0596,Alwyn Hebborn,Male,5 Bunting Street
ST0597,Lebbie Newns,Female,785 Tennyson Drive
ST0598,Roddy Gockelen,Male,8 Pawling Lane
ST0599,Nikos Shalcros,Male,707 Logan Hill
ST0600,Hedvige Hardisty,Female,84083 Northfield Terrace
ST0601,Melina Soot,Female,0 Hermina Trail
ST0602,Quent Crohan,Male,083 Acker Terrace
ST0603,Robinetta Rosingdall,Female,4 Bartillon Way
ST0604,Hilarius Byford,Male,8070 Tennessee Parkway
ST0605,Fin Galler,Male,1241 Corben Lane
ST0606,Matthaeus Sayton,Male,4 Claremont Crossing
ST0607,Goddart Penright,Male,334 Roxbury Circle
ST0608,Melli Snalum,Female,23 Bayside Parkway
ST0609,Tawnya Feehily,Female,94 Miller Junction
ST0610,Godard Gridley,Male,46 Mcbride Place
ST0611,Maison Gainsbury,Male,12 Stephen Junction
ST0612,Misty Gouldstone,Female,7 Lukken Junction
ST0613,Irwinn Glassopp,Male,4962 Hintze Alley
ST0614,Burlie Cartan,Male,71147 Monument Court
ST0615,Nanci Braznell,Female,19 Jay Drive
ST0616,Jarrid Wigglesworth,Male,509 Annamark Parkway
ST0617,Lorelei Penvarne,Female,9247 Eggendart Pass
ST0618,Delmer Shimmin,Male,748 Rowland Park
ST0619,Arlette Crew,Female,254 Monument Avenue
ST0620,Adriena Sparsholt,Female,86 Holmberg Center
ST0621,Willa Kenen,Female,56580 Graedel Hill
ST0622,Tripp Tantum,Male,2 Scott Crossing
ST0623,Elenore Threadgall,Female,3583 Helena Plaza
ST0624,Cori Salmond,Female,8478 Fair Oaks Place
ST0625,Aldus Bonney,Male,49 Blue Bill Park Trail
ST0626,Tommy Garrettson,Female,41425 Elgar Court
ST0627,Rockwell Cadogan,Male,71 Mcbride Trail
ST0628,Prent Oakhill,Male,927 Mayfield Avenue
ST0629,Daryle Lamble,Male,64 Paget Crossing
ST0630,Linea Bazelle,Female,982 Linden Terrace
ST0631,Mersey Seemmonds,Female,88309 Atwood Park
ST0632,Cicily Swallwell,Female,52109 John Wall Alley
ST0633,Ilsa Jurries,Female,14182 Sunnyside Way
ST0634,Ester Trehearn,Female,62 Delladonna Center
ST0635,Trevor Wordesworth,Male,693 Monica Court
ST0636,Wolf Clausewitz,Male,08 Mockingbird Way
ST0637,Kahaleel Hemeret,Male,02864 Messerschmidt Crossing
ST0638,Linoel Gooderick,Male,8442 Dawn Lane
ST0639,Eli Longhi,Male,469 Doe Crossing Junction
ST0640,Baxy De Giovanni,Male,88 Paget Street
ST0641,Colet Phette,Male,1763 Mayfield Lane
ST0642,Christine Lebel,Female,26 Algoma Hill
ST0643,Curt Gudyer,Male,084 Toban Avenue
ST0644,Abe Rulton,Male,32 Miller Avenue
ST0645,Teena Saywood,Female,8 Westridge Way
ST0646,Fara Larraway,Female,869 Nancy Parkway
ST0647,Angel Coggon,Female,07 Rutledge Way
ST0648,Bronnie Malley,Male,3045 Welch Street
ST0649,Pamella Bendell,Female,634 Muir Pass
ST0650,Desirae Hinrichsen,Female,2 Talisman Road
ST0651,Gayel Clausson,Female,190 Melby Way
ST0652,Eadith Gianinotti,Female,026 Pepper Wood Avenue
ST0653,Terrance Latham,Male,30 Longview Circle
ST0654,Dianna Dumbare,Female,6115 Fair Oaks Point
ST0655,Marrilee De Fraine,Female,360 Grim Lane
ST0656,Constantin Rulten,Male,59993 Green Ridge Center
ST0657,Inigo Deveril,Male,49745 Morningstar Avenue
ST0658,Sylvia Curryer,Female,826 4th Court
ST0659,Edi Freeburn,Female,10421 Ridge Oak Avenue
ST0660,Janeva Caplis,Female,09 Brickson Park Point
ST0661,Anna Penddreth,Female,297 Meadow Valley Park
ST0662,Lew Ashurst,Male,30 Coolidge Place
ST0663,Emlynn Damsell,Female,937 Dixon Court
ST0664,Bond Tander,Male,3312 Glendale Trail
ST0665,Murdoch Anders,Male,5392 Gerald Alley
ST0666,Konstantin Doole,Male,79 Blackbird Parkway
ST0667,Papageno Heal,Male,46 Kipling Center
ST0668,Denny Powner,Male,8444 Annamark Court
ST0669,Woodie Dunn,Male,415 Summit Park
ST0670,Stafford Cawsy,Male,3 Susan Point
ST0671,Ramsey Terrans,Male,52505 Carberry Street
ST0672,Tommie Dies,Female,3 Independence Terrace
ST0673,Edward Baudon,Male,65426 New Castle Avenue
ST0674,Silvain Raspel,Male,05224 Goodland Center
ST0675,Tailor Braben,Male,5 Raven Drive
ST0676,Francyne Elsmere,Female,27310 Mosinee Alley
ST0677,Libbie Ragge,Female,1133 Straubel Alley
ST0678,Alys Jeanes,Female,9880 Orin Point
ST0679,Corella Proom,Female,55528 Mallard Circle
ST0680,Alfred Kinde,Male,083 Southridge Pass
ST0681,Julie Rawlyns,Female,403 Weeping Birch Road
ST0682,Winny Prettyman,Female,0371 Tennessee Lane
ST0683,Mateo Stanmer,Male,6465 Gina Center
ST0684,Fawne Camerana,Female,992 Green Junction
ST0685,Caitrin Parysiak,Female,2 Commercial Hill
ST0686,Andree Ivachyov,Female,51000 Jay Court
ST0687,Alika Harries,Female,80071 Harper Court
ST0688,Noelle Yarrington,Female,2 Lotheville Park
ST0689,Alta Bengoechea,Female,0575 Brickson Park Road
ST0690,Marielle Gulley,Female,56 Talmadge Road
ST0691,Levi Kenrack,Male,17 Memorial Center
ST0692,Iorgo Pleaden,Male,1 Lillian Terrace
ST0693,Erwin Pitblado,Male,0153 Butterfield Parkway
ST0694,Alonzo Kiraly,Male,7750 Melvin Parkway
ST0695,Raffaello Halward,Male,768 Graceland Parkway
ST0696,Amie Bruff,Female,283 Evergreen Way
ST0697,Lacey Tregidga,Female,5 American Ash Road
ST0698,Florentia Jan,Female,9570 Claremont Trail
ST0699,Codee Stanaway,Female,26028 Dakota Point
ST0700,Joane Durn,Female,48902 Lake View Point
ST0701,Stanton Leamy,Male,1 Bluejay Lane
ST0702,Keane Redmayne,Male,228 Mallard Crossing
ST0703,Neville Soppitt,Male,9 Fairview Drive
ST0704,Rube Leetham,Male,4 Clemons Point
ST0705,Shalna Gorvin,Female,17903 Rusk Plaza
ST0706,Joy Messham,Female,7 Roxbury Alley
ST0707,Charmaine Craigg,Female,82717 Warrior Way
ST0708,Sutton Durgan,Male,3897 Pierstorff Junction
ST0709,Kissiah Regler,Female,0 Service Hill
ST0710,Sheree Van der Spohr,Female,7 Scoville Crossing
ST0711,Kiley Aspin,Female,1658 Graedel Street
ST0712,Lauraine Shawyer,Female,9 Commercial Park
ST0713,Twila Leemans,Female,54001 Sachtjen Terrace
ST0714,Lyndell Mattheeuw,Female,505 Autumn Leaf Lane
ST0715,Dorena Tremathack,Female,09306 Swallow Park
ST0716,Arron Matias,Male,31442 Farwell Plaza
ST0717,Gardiner Sainte Paul,Male,27235 Cody Plaza
ST0718,Panchito Crinage,Male,163 Dakota Hill
ST0719,Stephen Yallowley,Male,0299 Northridge Terrace
ST0720,Christyna Jakoub,Female,87659 Carioca Center
ST0721,Kellen Dunnan,Female,84 Merchant Park
ST0722,Thedric Stocks,Male,08 Dovetail Drive
ST0723,Gretchen Wentworth,Female,849 Beilfuss Trail
ST0724,Bethena Norster,Female,1257 Linden Junction
ST0725,Derrek Goodliff,Male,1 Toban Drive
ST0726,Delainey Wegenen,Male,89212 Summit Pass
ST0727,Celisse Ghilks,Female,842 Farwell Terrace
ST0728,Vladamir Heilds,Male,255 Oneill Circle
ST0729,Brooke Chancelier,Male,2 Comanche Drive
ST0730,Claresta Leishman,Female,197 East Center
ST0731,Tiff Hanner,Female,2025 Hoard Park
ST0732,Riordan Moakson,Male,73 1st Point
ST0733,Virginie Portchmouth,Female,75 Sommers Junction
ST0734,Arlana Chessel,Female,2 Fremont Lane
ST0735,Krishnah Bultitude,Male,46 Huxley Circle
ST0736,Skell Tellenbrook,Male,687 Blackbird Trail
ST0737,Fae Kindleside,Female,96886 Mockingbird Center
ST0738,Vick Rowbury,Male,97561 Jenna Road
ST0739,Daron Abrahmson,Female,790 Darwin Place
ST0740,Clemmie D Ruel,Male,94441 Oakridge Way
ST0741,Colly Attwoull,Female,5 Pleasure Alley
ST0742,Jory Annis,Male,52024 Maywood Lane
ST0743,Shem Kemster,Male,82 Stone Corner Way
ST0744,Sula Mansford,Female,33818 Marquette Avenue
ST0745,Yvonne Orchart,Female,219 Straubel Circle
ST0746,Torr Frane,Male,5052 Merry Terrace
ST0747,Grayce Gerrish,Female,2085 Maple Wood Road
ST0748,Lorette Strawbridge,Female,9051 Morning Road
ST0749,Dwayne Bragginton,Male,37 Monica Place
ST0750,Briney Kybird,Female,291 Beilfuss Avenue
ST0751,Suki Cornejo,Female,42 Mitchell Circle
ST0752,Munmro Emmins,Male,8179 Stoughton Trail
ST0753,Marnie Ludlamme,Female,76034 Cody Drive
ST0754,Cheryl Ledbetter,Female,0160 Prairie Rose Court
ST0755,Alyse McAlester,Female,0 Marquette Junction
ST0756,Ezekiel Cutajar,Male,1499 Ilene Trail
ST0757,Decca Gramer,Male,9 Maple Wood Lane
ST0758,Flory Shingfield,Male,2095 Mitchell Way
ST0759,Bastian Crossland,Male,69 Green Pass
ST0760,Wileen Francie,Female,36169 Onsgard Alley
ST0761,Amalle Spraberry,Female,30 Raven Center
ST0762,Orly Pesek,Female,7 Londonderry Drive
ST0763,Kristoforo Apple,Male,2 Bartillon Crossing
ST0764,Brook Bexon,Male,823 Westport Lane
ST0765,Brit MacAirt,Male,0976 Helena Drive
ST0766,Tomlin Bonnesen,Male,99735 Pankratz Alley
ST0767,Vasilis Gwynne,Male,12876 Washington Drive
ST0768,Buffy Pumphrey,Female,4771 Marcy Plaza
ST0769,Timi Davidowsky,Female,57886 Dryden Crossing
ST0770,Maddi Thorn,Female,8665 Namekagon Plaza
ST0771,Stefa Bushel,Female,01783 1st Plaza
ST0772,Christin Botly,Female,5352 Memorial Court
ST0773,Wes Lambkin,Male,467 Kinsman Crossing
ST0774,Danny McLeish,Male,097 Lindbergh Parkway
ST0775,Brett Morehall,Male,959 Mitchell Circle
ST0776,Burke Willson,Male,30 Dapin Road
ST0777,Dorothy Lebell,Female,2089 Vermont Crossing
ST0778,Marjory Ennor,Female,71 Stuart Junction
ST0779,Nicolais Clench,Male,32358 Scoville Alley
ST0780,Costanza Cabble,Female,5 Del Mar Road
ST0781,Berton MacPike,Male,48556 Rutledge Avenue
ST0782,Elianora Ickowics,Female,21490 Grasskamp Place
ST0783,Tadeas Jonke,Male,55804 Anthes Hill
ST0784,Claudetta Heinonen,Female,54219 Meadow Valley Crossing
ST0785,Elmore Spearman,Male,6223 Carioca Circle
ST0786,Zared Brewood,Male,06610 1st Crossing
ST0787,Grata Bedder,Female,8886 Longview Crossing
ST0788,Che Seyers,Male,075 Muir Point
ST0789,Wendeline Akram,Female,5 Warner Point
ST0790,Melonie Gateshill,Female,5 Spohn Circle
ST0791,Daron Lagde,Female,9 Talmadge Park
ST0792,Rodrique Dendle,Male,11656 Buhler Avenue
ST0793,Park Roubay,Male,3 American Parkway
ST0794,Valery Renol,Female,35 Crowley Way
ST0795,Gray Bengle,Male,404 Maple Pass
ST0796,Wynne Gillhespy,Female,2133 Comanche Parkway
ST0797,Egbert Carswell,Male,0701 Talmadge Trail
ST0798,Dennis Darco,Male,644 Glendale Place
ST0799,Delbert Lowin,Male,8021 Russell Trail
ST0800,Tessy Brydell,Female,23 Truax Crossing
ST0801,Maximilien Lyffe,Male,66 Prentice Circle
ST0802,Cheri Cleland,Female,15402 Nova Drive
ST0803,Ernest Pelling,Male,636 David Court
ST0804,Delainey Girtin,Male,6152 Onsgard Point
ST0805,John Skedgell,Male,25 Knutson Road
ST0806,Artemas Pavlenkov,Male,165 Jay Center
ST0807,Chris Yeoland,Female,6 Schlimgen Terrace
ST0808,Audry Ottee,Female,9058 Rusk Plaza
ST0809,Odell Graysmark,Male,03984 Fisk Junction
ST0810,Jena Troutbeck,Female,150 Northridge Parkway
ST0811,Lori Milborn,Female,8725 Park Meadow Junction
ST0812,Ulrick Kollatsch,Male,06 Carey Way
ST0813,Allys Bercevelo,Female,729 Florence Junction
ST0814,Zebulon Karlik,Male,195 Westerfield Lane
ST0815,Esma Longfield,Female,853 Meadow Ridge Plaza
ST0816,Devonna Cullagh,Female,72419 Pepper Wood Junction
ST0817,Skylar Ruane,Male,4919 Dayton Parkway
ST0818,Farah McNeillie,Female,9979 Village Pass
ST0819,Delmor More,Male,857 Nobel Center
ST0820,Rudiger Colbourne,Male,635 Fisk Alley
ST0821,Leonid Phelit,Male,950 4th Point
ST0822,Oralia Franciottoi,Female,52782 Boyd Plaza
ST0823,Julita Zanotti,Female,742 Bellgrove Center
ST0824,Spence Waren,Male,5 Fuller Crossing
ST0825,Oliy Knowlman,Female,2 Arapahoe Court
ST0826,Reginald FitzGibbon,Male,42 Everett Way
ST0827,Kari Viant,Female,61 Muir Point
ST0828,Ilario Bullan,Male,0 Maple Wood Crossing
ST0829,Marleen Ammer,Female,71998 Bluestem Trail
ST0830,Glendon Scoines,Male,7441 Emmet Circle
ST0831,Harp Ellsom,Male,805 Kropf Drive
ST0832,Gae Auguste,Female,00363 Dwight Center
ST0833,Olivie Dimnage,Female,706 Pepper Wood Circle
ST0834,Rosemary Katzmann,Female,85644 Helena Drive
ST0835,Timmy Branford,Male,8 Northview Plaza
ST0836,Lanny Gravey,Female,12 Sugar Trail
ST0837,Miran Spataro,Female,102 Fairfield Alley
ST0838,Fredia Meuse,Female,5464 Starling Terrace
ST0839,Adelle Gaule,Female,22 Comanche Hill
ST0840,Jayme Swarbrigg,Female,002 Montana Terrace
ST0841,Burlie Duffill,Male,92246 Merchant Plaza
ST0842,Alysa Colecrough,Female,0 Springs Park
ST0843,Hyacinthie Majury,Female,53 Bowman Place
ST0844,Rosalind Arboine,Female,7 Claremont Terrace
ST0845,Kevan Rosnau,Male,4 Dayton Park
ST0846,Heall Wildblood,Male,16725 Talmadge Pass
ST0847,Yevette Rhyme,Female,1649 Hollow Ridge Lane
ST0848,Spence Sinncock,Male,16946 Red Cloud Street
ST0849,Ingmar Ervin,Male,1302 Homewood Plaza
ST0850,Caddric Laweles,Male,8875 Corry Plaza
ST0851,Prince Howlin,Male,00250 Glendale Alley
ST0852,Mona Sefton,Female,24705 Morrow Crossing
ST0853,Ralf Youster,Male,75047 Donald Circle
ST0854,Clo Lombardo,Female,66 Emmet Way
ST0855,Henrieta Moreno,Female,70836 Drewry Hill
ST0856,Laraine McFaell,Female,7857 Daystar Center
ST0857,Marietta Raisbeck,Male,57667 Quincy Park
ST0858,Reeta Fincke,Female,781 Pawling Lane
ST0859,Cliff Bolland,Male,183 Caliangt Parkway
ST0860,Tamara Vibert,Female,58 Scofield Avenue
ST0861,Hadleigh Langthorn,Male,008 Northport Crossing
ST0862,Dylan Beresfore,Male,64546 Sauthoff Avenue
ST0863,Larine Zima,Female,28 Lerdahl Drive
ST0864,Obediah Skirving,Male,97543 Heath Court
ST0865,Jacques Alfonsini,Male,39621 Shoshone Alley
ST0866,Tab Baleine,Male,5352 Jenifer Avenue
ST0867,Lexi Lidden,Female,080 Kropf Avenue
ST0868,Fremont Bucham,Male,43876 Dunning Alley
ST0869,Myron Enevoldsen,Male,3 Fairview Crossing
ST0870,Vida Gomes,Female,559 Holy Cross Trail
ST0871,Gwenette Dixcee,Female,954 6th Place
ST0872,Lita Carlesso,Female,5 West Trail
ST0873,Maxie Capron,Male,3 Ridge Oak Lane
ST0874,Lydia Williment,Female,510 Annamark Terrace
ST0875,Silas Philcox,Male,0 John Wall Circle
ST0876,Carmelle Oxenham,Female,5449 Independence Way
ST0877,Joel Sizland,Male,6485 Cordelia Way
ST0878,Jamill Arp,Male,4 Warbler Drive
ST0879,Beverlee Whyte,Female,0 Kingsford Plaza
ST0880,Jamesy Gallyhaock,Male,162 Londonderry Center
ST0881,Candis Ruddock,Female,289 Schiller Way
ST0882,Desiree Kohnemann,Female,5 Lakewood Gardens Drive
ST0883,Reeba Labat,Female,5 Mosinee Junction
ST0884,Chilton Pigrome,Male,749 Caliangt Road
ST0885,Mamie Braffington,Female,14 Roth Junction
ST0886,Mavis Antonich,Female,64268 Fuller Lane
ST0887,Gabriel Jellyman,Male,72356 Cottonwood Avenue
ST0888,Barty Spadazzi,Male,4866 Carey Junction
ST0889,Jessie Manhare,Male,297 School Plaza
ST0890,Carolynn Taylor,Female,6878 Ronald Regan Circle
ST0891,Darice Curthoys,Female,01385 Delladonna Street
ST0892,Arlie Ludgrove,Female,4736 Maywood Road
ST0893,Ilaire Krinks,Male,207 Springview Avenue
ST0894,Moina Gilmore,Female,76778 Pennsylvania Lane
ST0895,Marj Doodson,Female,3 Mayer Avenue
ST0896,Gabbie Silvers,Male,3807 Carpenter Center
ST0897,Mechelle Raitie,Female,920 Loomis Road
ST0898,Lorrie Yuryatin,Female,175 Toban Avenue
ST0899,Galina Preshaw,Female,8265 Green Ridge Center
ST0900,Edgar Arnholdt,Male,60622 Kipling Way
ST0901,Giacobo Veschambes,Male,25 Eggendart Alley
ST0902,Alicea Fruen,Female,6 Laurel Plaza
ST0903,Toma Brecknell,Female,00 1st Trail
ST0904,Bobbette Scholte,Female,8234 Cordelia Drive
ST0905,Vitoria Warrick,Female,54 Hooker Circle
ST0906,Ingamar Puve,Male,84 Mosinee Avenue
ST0907,Emelia Semered,Female,413 Briar Crest Avenue
ST0908,Vinny Prujean,Female,7 Mcguire Park
ST0909,Pauline Stuer,Female,58 Manitowish Trail
ST0910,Bobbe Kinge,Female,5 Blue Bill Park Drive
ST0911,Wyn Blagdon,Male,0 Scofield Court
ST0912,Cherin Haimes,Female,1455 1st Trail
ST0913,Carmita Jewers,Female,582 Springs Crossing
ST0914,Patrica Joye,Female,64803 Melby Drive
ST0915,Jacquelin Simmins,Female,6 Southridge Lane
ST0916,Gabrielle Acreman,Female,67 Barnett Park
ST0917,Shaina Girkin,Female,4 Logan Park
ST0918,Borden Veljes,Male,8366 Butternut Street
ST0919,Winny Durtnell,Male,8331 Bowman Alley
ST0920,Loria Malletratt,Female,47 Rutledge Terrace
ST0921,Rutherford Stanistreet,Male,52 Westridge Trail
ST0922,Barbra Ghioni,Female,204 La Follette Court
ST0923,Ardyce Aylott,Female,76 Carey Road
ST0924,Cris Nicklen,Female,66 Melby Hill
ST0925,Vito Beardsdale,Male,902 Tennessee Place
ST0926,Tressa Wroath,Female,5 Maywood Plaza
ST0927,Menard Egger,Male,32131 Duke Trail
ST0928,Patrice Jones,Male,883 American Crossing
ST0929,Willdon Trevaskis,Male,1961 Randy Terrace
ST0930,Jeri Woolcocks,Female,28 David Avenue
ST0931,Decca Barensky,Male,9 Farwell Point
ST0932,Honoria Gomes,Female,5650 Golf View Park
ST0933,Pris Fontanet,Female,1 Brentwood Plaza
ST0934,Hildegaard Manuaud,Female,0806 Lighthouse Bay Center
ST0935,Jimmy Kenward,Male,191 Sutherland Plaza
ST0936,Dede Larkworthy,Female,22 Grasskamp Street
ST0937,Ailsun McGlashan,Female,34061 Arapahoe Lane
ST0938,Avictor Bootyman,Male,69051 Division Street
ST0939,Zena Ciubutaro,Female,30 Thompson Circle
ST0940,Merissa Corradeschi,Female,93810 Pleasure Plaza
ST0941,Carlie De Few,Male,3982 Browning Alley
ST0942,Aimee Biggans,Female,6 Utah Point
ST0943,Aguistin Frontczak,Male,83078 Russell Crossing
ST0944,Francoise Clyma,Female,22825 Fair Oaks Pass
ST0945,Perry Bruck,Male,9 Cordelia Circle
ST0946,Esmeralda Inglesfield,Female,22 Golden Leaf Drive
ST0947,Cecily Divina,Female,23 Messerschmidt Point
ST0948,Kalindi Derrell,Female,932 Chive Circle
ST0949,Codie Elphinstone,Male,8 Emmet Lane
ST0950,Brenden Kopecka,Male,71608 Sachs Court
ST0951,Sibby Chauvey,Female,6 Bunting Drive
ST0952,Daniella Fauguel,Female,3 Brown Drive
ST0953,Cobbie Belmont,Male,30521 Sycamore Parkway
ST0954,Hoyt Hendrich,Male,16 Aberg Hill
ST0955,Nataline Crews,Female,6502 Manitowish Junction
ST0956,Rivalee Glazier,Female,93894 Tony Street
ST0957,Rhoda Marklund,Female,7181 Morning Junction
ST0958,Alyosha Ikringill,Male,67 Leroy Parkway
ST0959,Beverie Recke,Female,74 Welch Avenue
ST0960,Israel Mowlam,Male,197 Sunnyside Trail
ST0961,Owen Maestro,Male,96 Superior Parkway
ST0962,Cross Melsom,Male,88405 Manley Street
ST0963,Dorita Laflin,Female,274 Atwood Hill
ST0964,Nev Hanscomb,Male,5 Havey Court
ST0965,Joye Briers,Female,14 Kennedy Drive
ST0966,Franzen Gillitt,Male,40256 Loeprich Point
ST0967,Robert Kas,Male,915 Northport Court
ST0968,Tommy Dickens,Female,66174 Rusk Street
ST0969,Marrissa Lukes,Female,14830 Fieldstone Plaza
ST0970,Andree Cottell,Female,6379 Monica Junction
ST0971,Falkner Vautre,Male,2921 Kedzie Junction
ST0972,Auberta Enevold,Female,91549 Buhler Junction
ST0973,Bron Huc,Male,7534 Westridge Circle
ST0974,Tallie Leathlay,Female,487 Sunbrook Lane
ST0975,Knox Talmadge,Male,12 Truax Lane
ST0976,Mickie Spada,Male,5 Eagle Crest Crossing
ST0977,Kissee Aitchison,Female,7 Manley Road
ST0978,Selig Scrogges,Male,81 Hauk Lane
ST0979,Patrizius Ruseworth,Male,6580 Mifflin Junction
ST0980,Jennie Hullyer,Female,6634 Texas Place
ST0981,Arney Felgat,Male,8 Holmberg Circle
ST0982,Bertie Raye,Male,02469 Lunder Terrace
ST0983,Mord Kinchlea,Male,545 Rockefeller Court
ST0984,Cicely Dionisio,Female,86520 Texas Point
ST0985,Ariadne Wortley,Female,7689 Annamark Center
ST0986,Clementia Millett,Female,1 Clemons Circle
ST0987,Marcello Tomblin,Male,2552 Comanche Park
ST0988,Marcel Stilliard,Male,32973 Emmet Terrace
ST0989,Laural Ivanchin,Female,9 Dixon Drive
ST0990,Artemis Trimmell,Male,203 Holy Cross Alley
ST0991,Brit Carlon,Female,69 Mcguire Crossing
ST0992,Dominga Fairbard,Female,8092 Springs Pass
ST0993,Lindi Ellor,Female,04 Mifflin Lane
ST0994,Esme Scammell,Male,60 Anniversary Lane
ST0995,Marlowe Kyncl,Male,8 Mockingbird Way
ST0996,Mohammed Northage,Male,66 Graceland Terrace
ST0997,Iris Petri,Female,1 Pierstorff Park
ST0998,Bail MacKain,Male,1 Forest Run Park
ST0999,Wainwright Grimolbie,Male,60 Comanche Alley
ST1000,Zacharia Laven,Male,7 Lakewood Street
